filename,true_class,predicted_class,confidence,prob_a_noamd,prob_b_amd
a_noamd/N0001.jpg,a_noamd,a_noamd,0.894969,0.894969,0.105031
a_noamd/N0002.jpg,a_noamd,a_noamd,0.912511,0.912511,0.087489
a_noamd/N0003.jpg,a_noamd,a_noamd,0.561845,0.561845,0.438155
a_noamd/N0004.jpg,a_noamd,a_noamd,0.576211,0.576211,0.423789
a_noamd/N0005.jpg,a_noamd,a_noamd,0.715519,0.715519,0.284481
a_noamd/N0006.jpg,a_noamd,a_noamd,0.872878,0.872878,0.127122
a_noamd/N0007.jpg,a_noamd,a_noamd,0.934417,0.934417,0.065583
a_noamd/N0008.jpg,a_noamd,a_noamd,0.914646,0.914646,0.085354
a_noamd/N0009.jpg,a_noamd,a_noamd,0.649069,0.649069,0.350931
a_noamd/N0010.jpg,a_noamd,a_noamd,0.831091,0.831091,0.168909
a_noamd/N0011.jpg,a_noamd,b_amd,0.805181,0.194819,0.805181
a_noamd/N0012.jpg,a_noamd,a_noamd,0.919354,0.919354,0.080646
a_noamd/N0013.jpg,a_noamd,a_noamd,0.911867,0.911867,0.088133
a_noamd/N0014.jpg,a_noamd,a_noamd,0.915006,0.915006,0.084994
a_noamd/N0015.jpg,a_noamd,a_noamd,0.900179,0.900179,0.099821
a_noamd/N0016.jpg,a_noamd,a_noamd,0.810723,0.810723,0.189277
a_noamd/N0017.jpg,a_noamd,a_noamd,0.929415,0.929415,0.070585
a_noamd/N0018.jpg,a_noamd,a_noamd,0.923791,0.923791,0.076209
a_noamd/N0019.jpg,a_noamd,a_noamd,0.926105,0.926105,0.073895
a_noamd/N0020.jpg,a_noamd,a_noamd,0.571868,0.571868,0.428132
a_noamd/N0021.jpg,a_noamd,a_noamd,0.884075,0.884075,0.115925
a_noamd/N0022.jpg,a_noamd,b_amd,0.595771,0.404229,0.595771
a_noamd/N0023.jpg,a_noamd,b_amd,0.901278,0.098722,0.901278
a_noamd/N0024.jpg,a_noamd,b_amd,0.738326,0.261674,0.738326
a_noamd/N0025.jpg,a_noamd,a_noamd,0.822293,0.822293,0.177707
a_noamd/N0026.jpg,a_noamd,a_noamd,0.901431,0.901431,0.098569
a_noamd/N0027.jpg,a_noamd,a_noamd,0.615941,0.615941,0.384059
a_noamd/N0028.jpg,a_noamd,b_amd,0.606953,0.393047,0.606953
a_noamd/N0029.jpg,a_noamd,a_noamd,0.780484,0.780484,0.219516
a_noamd/N0030.jpg,a_noamd,a_noamd,0.835707,0.835707,0.164293
a_noamd/N0031.jpg,a_noamd,a_noamd,0.930952,0.930952,0.069048
a_noamd/N0032.jpg,a_noamd,a_noamd,0.926447,0.926447,0.073553
a_noamd/N0033.jpg,a_noamd,a_noamd,0.928912,0.928912,0.071088
a_noamd/N0034.jpg,a_noamd,a_noamd,0.928654,0.928654,0.071346
a_noamd/N0035.jpg,a_noamd,a_noamd,0.667323,0.667323,0.332677
a_noamd/N0036.jpg,a_noamd,a_noamd,0.632167,0.632167,0.367833
a_noamd/N0037.jpg,a_noamd,a_noamd,0.915844,0.915844,0.084156
a_noamd/N0038.jpg,a_noamd,a_noamd,0.889151,0.889151,0.110848
a_noamd/N0039.jpg,a_noamd,b_amd,0.880863,0.119137,0.880863
a_noamd/N0040.jpg,a_noamd,b_amd,0.943234,0.056766,0.943234
a_noamd/N0041.jpg,a_noamd,b_amd,0.927340,0.072660,0.927340
a_noamd/N0042.jpg,a_noamd,b_amd,0.941305,0.058695,0.941305
a_noamd/N0043.jpg,a_noamd,b_amd,0.917380,0.082620,0.917380
a_noamd/N0044.jpg,a_noamd,a_noamd,0.726090,0.726090,0.273910
a_noamd/N0045.jpg,a_noamd,a_noamd,0.720203,0.720203,0.279797
a_noamd/N0046.jpg,a_noamd,a_noamd,0.933657,0.933657,0.066343
a_noamd/N0047.jpg,a_noamd,a_noamd,0.733106,0.733106,0.266894
a_noamd/N0048.jpg,a_noamd,a_noamd,0.881189,0.881189,0.118811
a_noamd/N0049.jpg,a_noamd,a_noamd,0.877750,0.877750,0.122250
a_noamd/N0050.jpg,a_noamd,a_noamd,0.791713,0.791713,0.208287
a_noamd/N0051.jpg,a_noamd,a_noamd,0.679748,0.679748,0.320252
a_noamd/N0052.jpg,a_noamd,a_noamd,0.734389,0.734389,0.265611
a_noamd/N0053.jpg,a_noamd,b_amd,0.908289,0.091711,0.908289
a_noamd/N0054.jpg,a_noamd,b_amd,0.621279,0.378721,0.621279
a_noamd/N0055.jpg,a_noamd,a_noamd,0.904792,0.904792,0.095208
a_noamd/N0056.jpg,a_noamd,b_amd,0.679871,0.320129,0.679871
a_noamd/N0057.jpg,a_noamd,a_noamd,0.928243,0.928243,0.071757
a_noamd/N0058.jpg,a_noamd,a_noamd,0.896143,0.896143,0.103857
a_noamd/N0059.jpg,a_noamd,a_noamd,0.916146,0.916146,0.083854
a_noamd/N0060.jpg,a_noamd,a_noamd,0.924167,0.924167,0.075833
a_noamd/N0061.jpg,a_noamd,a_noamd,0.925498,0.925498,0.074502
a_noamd/N0062.jpg,a_noamd,a_noamd,0.925337,0.925337,0.074663
a_noamd/N0063.jpg,a_noamd,a_noamd,0.929618,0.929618,0.070382
a_noamd/N0064.jpg,a_noamd,a_noamd,0.928904,0.928904,0.071096
a_noamd/N0065.jpg,a_noamd,a_noamd,0.908354,0.908354,0.091646
a_noamd/N0066.jpg,a_noamd,b_amd,0.957982,0.042018,0.957982
a_noamd/N0067.jpg,a_noamd,b_amd,0.926810,0.073190,0.926810
a_noamd/N0068.jpg,a_noamd,a_noamd,0.857480,0.857480,0.142520
a_noamd/N0069.jpg,a_noamd,a_noamd,0.928517,0.928517,0.071483
a_noamd/N0070.jpg,a_noamd,a_noamd,0.568246,0.568246,0.431754
a_noamd/N0071.jpg,a_noamd,a_noamd,0.860069,0.860069,0.139931
a_noamd/N0072.jpg,a_noamd,a_noamd,0.932680,0.932680,0.067320
a_noamd/N0073.jpg,a_noamd,a_noamd,0.920542,0.920542,0.079458
a_noamd/N0074.jpg,a_noamd,a_noamd,0.936683,0.936683,0.063317
a_noamd/N0075.jpg,a_noamd,a_noamd,0.925881,0.925881,0.074119
a_noamd/N0076.jpg,a_noamd,a_noamd,0.932133,0.932133,0.067867
a_noamd/N0077.jpg,a_noamd,a_noamd,0.930292,0.930292,0.069709
a_noamd/N0078.jpg,a_noamd,a_noamd,0.929890,0.929890,0.070110
a_noamd/N0079.jpg,a_noamd,a_noamd,0.906168,0.906168,0.093832
a_noamd/N0080.jpg,a_noamd,a_noamd,0.921803,0.921803,0.078197
a_noamd/N0081.jpg,a_noamd,a_noamd,0.917424,0.917424,0.082576
a_noamd/N0082.jpg,a_noamd,a_noamd,0.888346,0.888346,0.111654
a_noamd/N0083.jpg,a_noamd,a_noamd,0.791810,0.791810,0.208190
a_noamd/N0084.jpg,a_noamd,a_noamd,0.642146,0.642146,0.357854
a_noamd/N0085.jpg,a_noamd,b_amd,0.507922,0.492078,0.507922
a_noamd/N0086.jpg,a_noamd,b_amd,0.890880,0.109120,0.890880
a_noamd/N0087.jpg,a_noamd,b_amd,0.882646,0.117354,0.882646
a_noamd/N0088.jpg,a_noamd,b_amd,0.585149,0.414851,0.585149
a_noamd/N0089.jpg,a_noamd,a_noamd,0.919936,0.919936,0.080064
a_noamd/N0090.jpg,a_noamd,a_noamd,0.872615,0.872615,0.127385
a_noamd/N0091.jpg,a_noamd,a_noamd,0.931542,0.931542,0.068458
a_noamd/N0092.jpg,a_noamd,a_noamd,0.914876,0.914876,0.085124
a_noamd/N0093.jpg,a_noamd,a_noamd,0.923462,0.923462,0.076538
a_noamd/N0094.jpg,a_noamd,a_noamd,0.882942,0.882942,0.117058
a_noamd/N0095.jpg,a_noamd,a_noamd,0.924272,0.924272,0.075728
a_noamd/N0096.jpg,a_noamd,a_noamd,0.877882,0.877882,0.122117
a_noamd/N0097.jpg,a_noamd,b_amd,0.807736,0.192264,0.807736
a_noamd/N0098.jpg,a_noamd,b_amd,0.912905,0.087095,0.912905
a_noamd/N0099.jpg,a_noamd,a_noamd,0.827239,0.827239,0.172761
a_noamd/N0100.jpg,a_noamd,b_amd,0.641926,0.358074,0.641926
a_noamd/N0101.jpg,a_noamd,b_amd,0.707644,0.292356,0.707644
a_noamd/N0102.jpg,a_noamd,a_noamd,0.928973,0.928973,0.071027
a_noamd/N0103.jpg,a_noamd,a_noamd,0.926421,0.926421,0.073579
a_noamd/N0104.jpg,a_noamd,a_noamd,0.929703,0.929703,0.070297
a_noamd/N0105.jpg,a_noamd,a_noamd,0.923469,0.923469,0.076531
a_noamd/N0106.jpg,a_noamd,a_noamd,0.706934,0.706934,0.293066
a_noamd/N0107.jpg,a_noamd,a_noamd,0.915508,0.915508,0.084492
a_noamd/N0108.jpg,a_noamd,a_noamd,0.842646,0.842646,0.157354
a_noamd/N0109.jpg,a_noamd,a_noamd,0.890625,0.890625,0.109375
a_noamd/N0110.jpg,a_noamd,a_noamd,0.913132,0.913132,0.086868
a_noamd/N0111.jpg,a_noamd,a_noamd,0.869412,0.869412,0.130588
a_noamd/N0112.jpg,a_noamd,b_amd,0.722097,0.277903,0.722097
a_noamd/N0113.jpg,a_noamd,a_noamd,0.909591,0.909591,0.090409
a_noamd/N0114.jpg,a_noamd,b_amd,0.915334,0.084666,0.915334
a_noamd/N0115.jpg,a_noamd,b_amd,0.860825,0.139175,0.860825
a_noamd/N0116.jpg,a_noamd,a_noamd,0.926738,0.926738,0.073262
a_noamd/N0117.jpg,a_noamd,a_noamd,0.912499,0.912499,0.087501
a_noamd/N0118.jpg,a_noamd,a_noamd,0.907312,0.907312,0.092688
a_noamd/N0119.jpg,a_noamd,a_noamd,0.926625,0.926625,0.073375
a_noamd/N0120.jpg,a_noamd,a_noamd,0.845930,0.845930,0.154070
a_noamd/N0121.jpg,a_noamd,a_noamd,0.875364,0.875364,0.124636
a_noamd/N0122.jpg,a_noamd,a_noamd,0.570057,0.570057,0.429943
a_noamd/N0123.jpg,a_noamd,a_noamd,0.577496,0.577496,0.422504
a_noamd/N0124.jpg,a_noamd,a_noamd,0.712980,0.712980,0.287020
a_noamd/N0125.jpg,a_noamd,b_amd,0.604305,0.395695,0.604305
a_noamd/N0126.jpg,a_noamd,b_amd,0.919202,0.080798,0.919202
a_noamd/N0127.jpg,a_noamd,b_amd,0.952167,0.047833,0.952167
a_noamd/N0128.jpg,a_noamd,b_amd,0.953909,0.046091,0.953909
a_noamd/N0129.jpg,a_noamd,b_amd,0.947538,0.052462,0.947538
a_noamd/N0130.jpg,a_noamd,a_noamd,0.858548,0.858548,0.141452
a_noamd/N0131.jpg,a_noamd,b_amd,0.826844,0.173156,0.826844
a_noamd/N0132.jpg,a_noamd,a_noamd,0.917133,0.917133,0.082867
a_noamd/N0133.jpg,a_noamd,a_noamd,0.858401,0.858401,0.141599
a_noamd/N0134.jpg,a_noamd,a_noamd,0.866372,0.866372,0.133628
a_noamd/N0135.jpg,a_noamd,a_noamd,0.541399,0.541399,0.458601
a_noamd/N0136.jpg,a_noamd,a_noamd,0.901461,0.901461,0.098539
a_noamd/N0137.jpg,a_noamd,a_noamd,0.867677,0.867677,0.132323
a_noamd/N0138.jpg,a_noamd,a_noamd,0.903065,0.903065,0.096935
a_noamd/N0139.jpg,a_noamd,a_noamd,0.926279,0.926279,0.073721
a_noamd/N0140.jpg,a_noamd,a_noamd,0.865245,0.865245,0.134755
a_noamd/N0141.jpg,a_noamd,a_noamd,0.902347,0.902347,0.097653
a_noamd/N0142.jpg,a_noamd,a_noamd,0.933894,0.933894,0.066106
a_noamd/N0143.jpg,a_noamd,a_noamd,0.928966,0.928966,0.071034
a_noamd/N0144.jpg,a_noamd,a_noamd,0.867967,0.867967,0.132033
a_noamd/N0145.jpg,a_noamd,a_noamd,0.842659,0.842659,0.157341
a_noamd/N0146.jpg,a_noamd,a_noamd,0.936442,0.936442,0.063558
a_noamd/N0147.jpg,a_noamd,a_noamd,0.933894,0.933894,0.066106
a_noamd/N0148.jpg,a_noamd,a_noamd,0.928966,0.928966,0.071034
a_noamd/N0149.jpg,a_noamd,a_noamd,0.867967,0.867967,0.132033
a_noamd/N0150.jpg,a_noamd,b_amd,0.705744,0.294256,0.705744
a_noamd/N0151.jpg,a_noamd,b_amd,0.869789,0.130211,0.869789
a_noamd/N0152.jpg,a_noamd,b_amd,0.540863,0.459137,0.540863
a_noamd/N0153.jpg,a_noamd,a_noamd,0.713836,0.713836,0.286164
a_noamd/N0154.jpg,a_noamd,a_noamd,0.575533,0.575533,0.424467
a_noamd/N0155.jpg,a_noamd,a_noamd,0.672299,0.672299,0.327701
a_noamd/N0156.jpg,a_noamd,a_noamd,0.932588,0.932588,0.067412
a_noamd/N0157.jpg,a_noamd,a_noamd,0.933060,0.933060,0.066940
a_noamd/N0158.jpg,a_noamd,a_noamd,0.929704,0.929704,0.070296
a_noamd/N0159.jpg,a_noamd,a_noamd,0.929264,0.929264,0.070735
a_noamd/N0160.jpg,a_noamd,a_noamd,0.923488,0.923488,0.076512
a_noamd/N0161.jpg,a_noamd,a_noamd,0.919814,0.919814,0.080186
a_noamd/N0162.jpg,a_noamd,b_amd,0.940588,0.059412,0.940588
a_noamd/N0163.jpg,a_noamd,b_amd,0.922863,0.077137,0.922863
a_noamd/N0164.jpg,a_noamd,a_noamd,0.902745,0.902745,0.097255
a_noamd/N0165.jpg,a_noamd,a_noamd,0.907692,0.907692,0.092308
a_noamd/N0166.jpg,a_noamd,a_noamd,0.825874,0.825874,0.174126
a_noamd/N0167.jpg,a_noamd,b_amd,0.921482,0.078518,0.921482
a_noamd/N0168.jpg,a_noamd,a_noamd,0.920779,0.920779,0.079221
a_noamd/N0169.jpg,a_noamd,b_amd,0.874014,0.125986,0.874014
a_noamd/N0170.jpg,a_noamd,a_noamd,0.580045,0.580045,0.419955
a_noamd/N0171.jpg,a_noamd,a_noamd,0.852002,0.852002,0.147998
a_noamd/N0172.jpg,a_noamd,a_noamd,0.738555,0.738555,0.261445
a_noamd/N0173.jpg,a_noamd,b_amd,0.849404,0.150596,0.849404
a_noamd/N0174.jpg,a_noamd,b_amd,0.671542,0.328458,0.671542
a_noamd/N0175.jpg,a_noamd,b_amd,0.658556,0.341444,0.658556
a_noamd/N0176.jpg,a_noamd,b_amd,0.817242,0.182758,0.817242
a_noamd/N0177.jpg,a_noamd,a_noamd,0.532763,0.532763,0.467237
a_noamd/N0178.jpg,a_noamd,a_noamd,0.895936,0.895936,0.104064
a_noamd/N0179.jpg,a_noamd,a_noamd,0.692567,0.692567,0.307433
a_noamd/N0180.jpg,a_noamd,b_amd,0.944852,0.055148,0.944852
a_noamd/N0181.jpg,a_noamd,b_amd,0.933883,0.066117,0.933883
a_noamd/N0182.jpg,a_noamd,a_noamd,0.906177,0.906177,0.093823
a_noamd/N0183.jpg,a_noamd,a_noamd,0.898296,0.898296,0.101704
a_noamd/N0184.jpg,a_noamd,a_noamd,0.914956,0.914956,0.085044
a_noamd/N0185.jpg,a_noamd,a_noamd,0.902740,0.902740,0.097260
a_noamd/N0186.jpg,a_noamd,a_noamd,0.905689,0.905689,0.094311
a_noamd/N0187.jpg,a_noamd,b_amd,0.798584,0.201416,0.798584
a_noamd/N0188.jpg,a_noamd,a_noamd,0.754168,0.754168,0.245832
a_noamd/N0189.jpg,a_noamd,b_amd,0.596815,0.403185,0.596815
a_noamd/N0190.jpg,a_noamd,b_amd,0.646784,0.353216,0.646784
a_noamd/N0191.jpg,a_noamd,b_amd,0.680408,0.319592,0.680408
a_noamd/N0192.jpg,a_noamd,b_amd,0.924764,0.075236,0.924764
a_noamd/N0193.jpg,a_noamd,b_amd,0.920837,0.079163,0.920837
a_noamd/N0194.jpg,a_noamd,b_amd,0.890700,0.109300,0.890700
a_noamd/N0195.jpg,a_noamd,b_amd,0.877384,0.122616,0.877384
a_noamd/N0196.jpg,a_noamd,a_noamd,0.919571,0.919571,0.080429
a_noamd/N0197.jpg,a_noamd,a_noamd,0.904373,0.904373,0.095627
a_noamd/N0198.jpg,a_noamd,a_noamd,0.918838,0.918838,0.081162
a_noamd/N0199.jpg,a_noamd,a_noamd,0.927346,0.927346,0.072654
a_noamd/N0200.jpg,a_noamd,b_amd,0.949943,0.050057,0.949943
a_noamd/N0201.jpg,a_noamd,b_amd,0.897715,0.102285,0.897715
a_noamd/N0202.jpg,a_noamd,b_amd,0.774163,0.225837,0.774163
a_noamd/N0203.jpg,a_noamd,a_noamd,0.757779,0.757779,0.242222
a_noamd/N0204.jpg,a_noamd,a_noamd,0.928504,0.928504,0.071496
a_noamd/N0205.jpg,a_noamd,a_noamd,0.917821,0.917821,0.082179
a_noamd/N0206.jpg,a_noamd,b_amd,0.716477,0.283523,0.716477
a_noamd/N0207.jpg,a_noamd,a_noamd,0.780159,0.780159,0.219841
a_noamd/N0208.jpg,a_noamd,a_noamd,0.520226,0.520226,0.479774
a_noamd/N0209.jpg,a_noamd,a_noamd,0.917204,0.917204,0.082796
a_noamd/N0210.jpg,a_noamd,a_noamd,0.855491,0.855491,0.144509
a_noamd/N0211.jpg,a_noamd,a_noamd,0.861616,0.861616,0.138384
a_noamd/N0212.jpg,a_noamd,a_noamd,0.566521,0.566521,0.433479
a_noamd/N0213.jpg,a_noamd,a_noamd,0.913325,0.913325,0.086675
a_noamd/N0214.jpg,a_noamd,a_noamd,0.517127,0.517127,0.482873
a_noamd/N0215.jpg,a_noamd,a_noamd,0.881659,0.881659,0.118341
a_noamd/N0216.jpg,a_noamd,a_noamd,0.821451,0.821451,0.178549
a_noamd/N0217.jpg,a_noamd,a_noamd,0.929169,0.929169,0.070831
a_noamd/N0218.jpg,a_noamd,a_noamd,0.915800,0.915800,0.084200
a_noamd/N0219.jpg,a_noamd,a_noamd,0.678444,0.678444,0.321556
a_noamd/N0220.jpg,a_noamd,a_noamd,0.814641,0.814641,0.185359
a_noamd/N0221.jpg,a_noamd,b_amd,0.553474,0.446526,0.553474
a_noamd/N0222.jpg,a_noamd,a_noamd,0.730509,0.730509,0.269491
a_noamd/N0223.jpg,a_noamd,a_noamd,0.930960,0.930960,0.069041
a_noamd/N0224.jpg,a_noamd,a_noamd,0.912558,0.912558,0.087442
a_noamd/N0225.jpg,a_noamd,a_noamd,0.928408,0.928408,0.071592
a_noamd/N0226.jpg,a_noamd,a_noamd,0.926418,0.926418,0.073582
a_noamd/N0227.jpg,a_noamd,b_amd,0.678589,0.321411,0.678589
a_noamd/N0228.jpg,a_noamd,b_amd,0.917108,0.082892,0.917108
a_noamd/N0229.jpg,a_noamd,b_amd,0.897520,0.102480,0.897520
a_noamd/N0230.jpg,a_noamd,b_amd,0.918613,0.081387,0.918613
a_noamd/N0231.jpg,a_noamd,b_amd,0.843639,0.156360,0.843639
a_noamd/N0232.jpg,a_noamd,b_amd,0.901467,0.098533,0.901467
a_noamd/N0233.jpg,a_noamd,a_noamd,0.812639,0.812639,0.187361
a_noamd/N0234.jpg,a_noamd,a_noamd,0.890076,0.890076,0.109924
a_noamd/N0235.jpg,a_noamd,a_noamd,0.914065,0.914065,0.085935
a_noamd/N0236.jpg,a_noamd,a_noamd,0.896692,0.896692,0.103308
a_noamd/N0237.jpg,a_noamd,b_amd,0.827557,0.172443,0.827557
a_noamd/N0238.jpg,a_noamd,b_amd,0.891647,0.108353,0.891647
a_noamd/N0239.jpg,a_noamd,a_noamd,0.544936,0.544936,0.455064
a_noamd/N0240.jpg,a_noamd,b_amd,0.760312,0.239688,0.760312
a_noamd/N0241.jpg,a_noamd,a_noamd,0.828777,0.828777,0.171223
a_noamd/N0242.jpg,a_noamd,b_amd,0.605904,0.394096,0.605904
a_noamd/N0243.jpg,a_noamd,b_amd,0.801089,0.198911,0.801089
a_noamd/N0244.jpg,a_noamd,b_amd,0.925215,0.074785,0.925215
a_noamd/N0245.jpg,a_noamd,a_noamd,0.931718,0.931718,0.068282
a_noamd/N0246.jpg,a_noamd,a_noamd,0.931816,0.931816,0.068184
a_noamd/N0247.jpg,a_noamd,a_noamd,0.914507,0.914507,0.085493
a_noamd/N0248.jpg,a_noamd,a_noamd,0.812314,0.812314,0.187686
a_noamd/N0249.jpg,a_noamd,b_amd,0.534321,0.465679,0.534321
a_noamd/N0250.jpg,a_noamd,b_amd,0.754601,0.245399,0.754601
a_noamd/N0251.jpg,a_noamd,b_amd,0.679561,0.320439,0.679561
a_noamd/N0252.jpg,a_noamd,b_amd,0.732687,0.267313,0.732687
a_noamd/N0253.jpg,a_noamd,b_amd,0.831553,0.168447,0.831553
a_noamd/N0254.jpg,a_noamd,b_amd,0.847559,0.152441,0.847559
a_noamd/N0255.jpg,a_noamd,b_amd,0.943283,0.056717,0.943283
a_noamd/N0256.jpg,a_noamd,a_noamd,0.926241,0.926241,0.073759
a_noamd/N0257.jpg,a_noamd,a_noamd,0.734848,0.734848,0.265152
a_noamd/N0258.jpg,a_noamd,a_noamd,0.923818,0.923818,0.076182
a_noamd/N0259.jpg,a_noamd,a_noamd,0.902206,0.902206,0.097794
a_noamd/N0260.jpg,a_noamd,a_noamd,0.892736,0.892736,0.107264
a_noamd/N0261.jpg,a_noamd,b_amd,0.711874,0.288126,0.711874
a_noamd/N0262.jpg,a_noamd,a_noamd,0.927274,0.927274,0.072726
a_noamd/N0263.jpg,a_noamd,b_amd,0.513651,0.486349,0.513651
a_noamd/N0264.jpg,a_noamd,a_noamd,0.920713,0.920713,0.079287
a_noamd/N0265.jpg,a_noamd,a_noamd,0.916815,0.916815,0.083185
a_noamd/N0266.jpg,a_noamd,b_amd,0.800991,0.199009,0.800991
a_noamd/N0267.jpg,a_noamd,b_amd,0.765168,0.234831,0.765168
a_noamd/N0268.jpg,a_noamd,b_amd,0.926512,0.073488,0.926512
a_noamd/N0269.jpg,a_noamd,b_amd,0.879019,0.120981,0.879019
a_noamd/N0270.jpg,a_noamd,a_noamd,0.596263,0.596263,0.403737
a_noamd/N0271.jpg,a_noamd,a_noamd,0.769342,0.769342,0.230658
a_noamd/N0272.jpg,a_noamd,a_noamd,0.798456,0.798456,0.201543
a_noamd/N0273.jpg,a_noamd,a_noamd,0.804675,0.804675,0.195325
a_noamd/N0274.jpg,a_noamd,a_noamd,0.884911,0.884911,0.115089
a_noamd/N0275.jpg,a_noamd,a_noamd,0.865896,0.865896,0.134104
a_noamd/N0276.jpg,a_noamd,b_amd,0.768095,0.231905,0.768095
a_noamd/N0277.jpg,a_noamd,b_amd,0.876503,0.123497,0.876503
a_noamd/N0278.jpg,a_noamd,b_amd,0.843074,0.156926,0.843074
a_noamd/N0279.jpg,a_noamd,a_noamd,0.690115,0.690115,0.309885
a_noamd/N0280.jpg,a_noamd,b_amd,0.770734,0.229266,0.770734
a_noamd/N0281.jpg,a_noamd,a_noamd,0.839657,0.839657,0.160343
a_noamd/N0282.jpg,a_noamd,a_noamd,0.926557,0.926557,0.073443
a_noamd/N0283.jpg,a_noamd,a_noamd,0.902198,0.902198,0.097802
a_noamd/N0284.jpg,a_noamd,a_noamd,0.916842,0.916842,0.083158
a_noamd/N0285.jpg,a_noamd,a_noamd,0.908551,0.908551,0.091449
a_noamd/N0286.jpg,a_noamd,a_noamd,0.814521,0.814521,0.185479
a_noamd/N0287.jpg,a_noamd,a_noamd,0.647889,0.647889,0.352111
a_noamd/N0288.jpg,a_noamd,a_noamd,0.591886,0.591886,0.408114
a_noamd/N0289.jpg,a_noamd,a_noamd,0.799985,0.799985,0.200015
a_noamd/N0290.jpg,a_noamd,a_noamd,0.897695,0.897695,0.102305
a_noamd/N0291.jpg,a_noamd,a_noamd,0.838198,0.838198,0.161802
a_noamd/N0292.jpg,a_noamd,b_amd,0.832209,0.167791,0.832209
a_noamd/N0293.jpg,a_noamd,b_amd,0.899471,0.100529,0.899471
a_noamd/N0294.jpg,a_noamd,a_noamd,0.927020,0.927020,0.072980
a_noamd/N0295.jpg,a_noamd,a_noamd,0.924612,0.924612,0.075388
a_noamd/N0296.jpg,a_noamd,a_noamd,0.924166,0.924166,0.075834
a_noamd/N0297.jpg,a_noamd,a_noamd,0.908791,0.908791,0.091209
a_noamd/N0298.jpg,a_noamd,a_noamd,0.911462,0.911462,0.088538
a_noamd/N0299.jpg,a_noamd,a_noamd,0.712708,0.712708,0.287292
a_noamd/N0300.jpg,a_noamd,a_noamd,0.591482,0.591482,0.408518
a_noamd/N0301.jpg,a_noamd,a_noamd,0.928472,0.928472,0.071528
a_noamd/N0302.jpg,a_noamd,a_noamd,0.885507,0.885507,0.114493
a_noamd/N0303.jpg,a_noamd,a_noamd,0.905918,0.905918,0.094082
a_noamd/N0304.jpg,a_noamd,b_amd,0.920704,0.079296,0.920704
a_noamd/N0305.jpg,a_noamd,a_noamd,0.909046,0.909046,0.090954
a_noamd/N0306.jpg,a_noamd,a_noamd,0.928089,0.928089,0.071911
a_noamd/N0307.jpg,a_noamd,a_noamd,0.926288,0.926288,0.073712
a_noamd/N0308.jpg,a_noamd,a_noamd,0.804519,0.804519,0.195481
a_noamd/N0309.jpg,a_noamd,a_noamd,0.874742,0.874742,0.125258
a_noamd/N0310.jpg,a_noamd,a_noamd,0.886854,0.886854,0.113146
a_noamd/N0311.jpg,a_noamd,a_noamd,0.671133,0.671133,0.328867
a_noamd/T0001.jpg,a_noamd,a_noamd,0.887744,0.887744,0.112256
a_noamd/T0002.jpg,a_noamd,a_noamd,0.925220,0.925220,0.074780
a_noamd/T0005.jpg,a_noamd,a_noamd,0.895066,0.895066,0.104934
a_noamd/T0006.jpg,a_noamd,b_amd,0.928002,0.071998,0.928002
a_noamd/T0007.jpg,a_noamd,a_noamd,0.922228,0.922228,0.077772
a_noamd/T0008.jpg,a_noamd,a_noamd,0.553276,0.553276,0.446724
a_noamd/T0009.jpg,a_noamd,a_noamd,0.922325,0.922325,0.077675
a_noamd/T0011.jpg,a_noamd,a_noamd,0.933101,0.933101,0.066900
a_noamd/T0012.jpg,a_noamd,b_amd,0.751258,0.248742,0.751258
a_noamd/T0013.jpg,a_noamd,b_amd,0.697918,0.302082,0.697918
a_noamd/T0014.jpg,a_noamd,b_amd,0.945112,0.054888,0.945112
a_noamd/T0016.jpg,a_noamd,a_noamd,0.935997,0.935997,0.064003
a_noamd/T0017.jpg,a_noamd,b_amd,0.847654,0.152346,0.847654
a_noamd/T0018.jpg,a_noamd,b_amd,0.818535,0.181465,0.818535
a_noamd/T0019.jpg,a_noamd,b_amd,0.845486,0.154514,0.845486
a_noamd/T0020.jpg,a_noamd,a_noamd,0.916936,0.916936,0.083064
a_noamd/T0022.jpg,a_noamd,a_noamd,0.891105,0.891105,0.108895
a_noamd/T0023.jpg,a_noamd,b_amd,0.915678,0.084322,0.915678
a_noamd/T0025.jpg,a_noamd,b_amd,0.911483,0.088517,0.911483
a_noamd/T0027.jpg,a_noamd,b_amd,0.876904,0.123096,0.876904
a_noamd/T0028.jpg,a_noamd,a_noamd,0.928564,0.928564,0.071436
a_noamd/T0029.jpg,a_noamd,a_noamd,0.812433,0.812433,0.187567
a_noamd/T0031.jpg,a_noamd,a_noamd,0.759467,0.759467,0.240533
a_noamd/T0032.jpg,a_noamd,a_noamd,0.895066,0.895066,0.104934
a_noamd/T0033.jpg,a_noamd,a_noamd,0.562946,0.562946,0.437054
a_noamd/T0034.jpg,a_noamd,a_noamd,0.855432,0.855432,0.144568
a_noamd/T0035.jpg,a_noamd,b_amd,0.915810,0.084190,0.915810
a_noamd/T0036.jpg,a_noamd,b_amd,0.503013,0.496988,0.503013
a_noamd/T0037.jpg,a_noamd,a_noamd,0.928432,0.928432,0.071568
a_noamd/T0039.jpg,a_noamd,a_noamd,0.838299,0.838299,0.161701
a_noamd/T0040.jpg,a_noamd,b_amd,0.884424,0.115576,0.884424
a_noamd/T0041.jpg,a_noamd,b_amd,0.838597,0.161403,0.838597
a_noamd/T0042.jpg,a_noamd,a_noamd,0.925632,0.925632,0.074368
a_noamd/T0044.jpg,a_noamd,a_noamd,0.855923,0.855923,0.144077
a_noamd/T0046.jpg,a_noamd,a_noamd,0.934106,0.934106,0.065894
a_noamd/T0047.jpg,a_noamd,a_noamd,0.922995,0.922995,0.077005
a_noamd/T0049.jpg,a_noamd,b_amd,0.852162,0.147838,0.852162
a_noamd/T0050.jpg,a_noamd,b_amd,0.511040,0.488960,0.511040
a_noamd/T0054.jpg,a_noamd,a_noamd,0.907607,0.907607,0.092393
a_noamd/T0055.jpg,a_noamd,a_noamd,0.735861,0.735861,0.264139
a_noamd/T0058.jpg,a_noamd,b_amd,0.918918,0.081082,0.918918
a_noamd/T0060.jpg,a_noamd,a_noamd,0.899939,0.899939,0.100061
a_noamd/T0061.jpg,a_noamd,a_noamd,0.925944,0.925944,0.074056
a_noamd/T0062.jpg,a_noamd,b_amd,0.518535,0.481465,0.518535
a_noamd/T0063.jpg,a_noamd,b_amd,0.542532,0.457468,0.542532
a_noamd/T0064.jpg,a_noamd,b_amd,0.883200,0.116800,0.883200
a_noamd/T0065.jpg,a_noamd,a_noamd,0.921102,0.921102,0.078898
a_noamd/T0066.jpg,a_noamd,a_noamd,0.836208,0.836208,0.163792
a_noamd/T0067.jpg,a_noamd,a_noamd,0.877440,0.877440,0.122560
a_noamd/T0068.jpg,a_noamd,a_noamd,0.636071,0.636071,0.363929
a_noamd/T0069.jpg,a_noamd,a_noamd,0.889383,0.889383,0.110617
a_noamd/T0070.jpg,a_noamd,b_amd,0.873468,0.126532,0.873468
a_noamd/T0074.jpg,a_noamd,a_noamd,0.931220,0.931220,0.068780
a_noamd/T0075.jpg,a_noamd,a_noamd,0.922112,0.922112,0.077888
a_noamd/T0076.jpg,a_noamd,a_noamd,0.902730,0.902730,0.097270
a_noamd/T0077.jpg,a_noamd,a_noamd,0.813914,0.813914,0.186086
a_noamd/T0078.jpg,a_noamd,b_amd,0.819053,0.180947,0.819053
a_noamd/T0079.jpg,a_noamd,b_amd,0.911225,0.088775,0.911225
a_noamd/T0080.jpg,a_noamd,a_noamd,0.728468,0.728468,0.271532
a_noamd/T0081.jpg,a_noamd,a_noamd,0.606839,0.606839,0.393161
a_noamd/T0082.jpg,a_noamd,b_amd,0.945625,0.054375,0.945625
a_noamd/T0084.jpg,a_noamd,a_noamd,0.831624,0.831624,0.168376
a_noamd/T0085.jpg,a_noamd,a_noamd,0.781442,0.781442,0.218558
a_noamd/T0087.jpg,a_noamd,b_amd,0.942093,0.057907,0.942093
a_noamd/T0088.jpg,a_noamd,a_noamd,0.866365,0.866365,0.133635
a_noamd/T0090.jpg,a_noamd,b_amd,0.787802,0.212198,0.787802
a_noamd/T0091.jpg,a_noamd,a_noamd,0.570650,0.570650,0.429350
a_noamd/T0092.jpg,a_noamd,a_noamd,0.891111,0.891111,0.108889
a_noamd/T0093.jpg,a_noamd,b_amd,0.692156,0.307844,0.692156
a_noamd/T0094.jpg,a_noamd,a_noamd,0.669890,0.669890,0.330110
a_noamd/T0095.jpg,a_noamd,a_noamd,0.838497,0.838497,0.161503
a_noamd/T0096.jpg,a_noamd,a_noamd,0.856104,0.856104,0.143896
a_noamd/T0097.jpg,a_noamd,a_noamd,0.919620,0.919620,0.080380
a_noamd/T0098.jpg,a_noamd,a_noamd,0.842774,0.842774,0.157226
a_noamd/T0099.jpg,a_noamd,a_noamd,0.923053,0.923053,0.076947
a_noamd/T0100.jpg,a_noamd,a_noamd,0.919791,0.919791,0.080209
a_noamd/T0101.jpg,a_noamd,b_amd,0.739885,0.260115,0.739885
a_noamd/T0102.jpg,a_noamd,b_amd,0.880670,0.119330,0.880670
a_noamd/T0103.jpg,a_noamd,a_noamd,0.883215,0.883215,0.116785
a_noamd/T0104.jpg,a_noamd,a_noamd,0.910445,0.910445,0.089555
a_noamd/T0106.jpg,a_noamd,a_noamd,0.926169,0.926169,0.073831
a_noamd/T0108.jpg,a_noamd,a_noamd,0.924164,0.924164,0.075836
a_noamd/T0109.jpg,a_noamd,a_noamd,0.899495,0.899495,0.100505
a_noamd/T0110.jpg,a_noamd,a_noamd,0.901273,0.901273,0.098727
a_noamd/T0111.jpg,a_noamd,b_amd,0.557735,0.442265,0.557735
a_noamd/T0113.jpg,a_noamd,b_amd,0.891997,0.108004,0.891997
a_noamd/T0114.jpg,a_noamd,a_noamd,0.565833,0.565833,0.434167
a_noamd/T0115.jpg,a_noamd,a_noamd,0.863928,0.863928,0.136072
a_noamd/T0116.jpg,a_noamd,a_noamd,0.923218,0.923218,0.076782
a_noamd/T0117.jpg,a_noamd,a_noamd,0.913280,0.913280,0.086720
a_noamd/T0119.jpg,a_noamd,a_noamd,0.921653,0.921653,0.078347
a_noamd/T0121.jpg,a_noamd,a_noamd,0.831658,0.831658,0.168341
a_noamd/T0122.jpg,a_noamd,a_noamd,0.884389,0.884389,0.115611
a_noamd/T0123.jpg,a_noamd,a_noamd,0.674580,0.674580,0.325420
a_noamd/T0124.jpg,a_noamd,a_noamd,0.882903,0.882903,0.117097
a_noamd/T0125.jpg,a_noamd,a_noamd,0.878200,0.878200,0.121800
a_noamd/T0126.jpg,a_noamd,a_noamd,0.920111,0.920111,0.079889
a_noamd/T0128.jpg,a_noamd,a_noamd,0.760395,0.760395,0.239605
a_noamd/T0130.jpg,a_noamd,a_noamd,0.737524,0.737524,0.262476
a_noamd/T0131.jpg,a_noamd,b_amd,0.910030,0.089970,0.910030
a_noamd/T0132.jpg,a_noamd,a_noamd,0.899283,0.899283,0.100717
a_noamd/T0133.jpg,a_noamd,a_noamd,0.933290,0.933290,0.066710
a_noamd/T0135.jpg,a_noamd,a_noamd,0.918516,0.918516,0.081484
a_noamd/T0136.jpg,a_noamd,a_noamd,0.930260,0.930260,0.069740
a_noamd/T0137.jpg,a_noamd,a_noamd,0.925051,0.925051,0.074949
a_noamd/T0138.jpg,a_noamd,a_noamd,0.905524,0.905524,0.094476
a_noamd/T0139.jpg,a_noamd,a_noamd,0.730504,0.730504,0.269496
a_noamd/T0140.jpg,a_noamd,a_noamd,0.924403,0.924403,0.075597
a_noamd/T0141.jpg,a_noamd,b_amd,0.829227,0.170773,0.829227
a_noamd/T0142.jpg,a_noamd,a_noamd,0.922916,0.922916,0.077084
a_noamd/T0143.jpg,a_noamd,a_noamd,0.868321,0.868321,0.131679
a_noamd/T0144.jpg,a_noamd,b_amd,0.940672,0.059328,0.940672
a_noamd/T0145.jpg,a_noamd,b_amd,0.765089,0.234911,0.765089
a_noamd/T0146.jpg,a_noamd,b_amd,0.940320,0.059680,0.940320
a_noamd/T0149.jpg,a_noamd,a_noamd,0.813706,0.813706,0.186294
a_noamd/T0151.jpg,a_noamd,a_noamd,0.879908,0.879908,0.120092
a_noamd/T0153.jpg,a_noamd,a_noamd,0.910613,0.910613,0.089387
a_noamd/T0155.jpg,a_noamd,a_noamd,0.706138,0.706138,0.293862
a_noamd/T0156.jpg,a_noamd,a_noamd,0.912924,0.912924,0.087076
a_noamd/T0157.jpg,a_noamd,a_noamd,0.886569,0.886569,0.113431
a_noamd/T0158.jpg,a_noamd,a_noamd,0.801944,0.801944,0.198056
a_noamd/T0160.jpg,a_noamd,a_noamd,0.755586,0.755586,0.244414
a_noamd/T0161.jpg,a_noamd,a_noamd,0.842745,0.842745,0.157256
a_noamd/T0162.jpg,a_noamd,b_amd,0.664144,0.335856,0.664144
a_noamd/T0163.jpg,a_noamd,a_noamd,0.621541,0.621541,0.378459
a_noamd/T0167.jpg,a_noamd,a_noamd,0.683736,0.683736,0.316264
a_noamd/T0168.jpg,a_noamd,b_amd,0.876182,0.123818,0.876182
a_noamd/T0169.jpg,a_noamd,b_amd,0.853741,0.146259,0.853741
a_noamd/T0171.jpg,a_noamd,b_amd,0.928091,0.071909,0.928091
a_noamd/T0173.jpg,a_noamd,b_amd,0.866985,0.133015,0.866985
a_noamd/T0174.jpg,a_noamd,a_noamd,0.931374,0.931374,0.068626
a_noamd/T0175.jpg,a_noamd,b_amd,0.925871,0.074129,0.925871
a_noamd/T0177.jpg,a_noamd,b_amd,0.851830,0.148170,0.851830
a_noamd/T0178.jpg,a_noamd,b_amd,0.607853,0.392147,0.607853
a_noamd/T0179.jpg,a_noamd,a_noamd,0.924840,0.924840,0.075160
a_noamd/T0180.jpg,a_noamd,a_noamd,0.509517,0.509517,0.490483
a_noamd/T0181.jpg,a_noamd,a_noamd,0.674322,0.674322,0.325678
a_noamd/T0182.jpg,a_noamd,a_noamd,0.909038,0.909038,0.090962
a_noamd/T0184.jpg,a_noamd,a_noamd,0.734872,0.734872,0.265128
a_noamd/T0185.jpg,a_noamd,a_noamd,0.931615,0.931615,0.068385
a_noamd/T0186.jpg,a_noamd,a_noamd,0.790839,0.790839,0.209161
a_noamd/T0187.jpg,a_noamd,a_noamd,0.818968,0.818968,0.181032
a_noamd/T0191.jpg,a_noamd,b_amd,0.929637,0.070363,0.929637
a_noamd/T0192.jpg,a_noamd,b_amd,0.906491,0.093509,0.906491
a_noamd/T0194.jpg,a_noamd,a_noamd,0.934642,0.934642,0.065358
a_noamd/T0195.jpg,a_noamd,a_noamd,0.518615,0.518615,0.481385
a_noamd/T0196.jpg,a_noamd,b_amd,0.843022,0.156978,0.843022
a_noamd/T0197.jpg,a_noamd,b_amd,0.806974,0.193026,0.806974
a_noamd/T0199.jpg,a_noamd,a_noamd,0.918004,0.918004,0.081996
a_noamd/T0200.jpg,a_noamd,a_noamd,0.582005,0.582005,0.417995
a_noamd/T0202.jpg,a_noamd,a_noamd,0.813899,0.813899,0.186101
a_noamd/T0203.jpg,a_noamd,a_noamd,0.931029,0.931029,0.068971
a_noamd/T0204.jpg,a_noamd,b_amd,0.792179,0.207821,0.792179
a_noamd/T0205.jpg,a_noamd,a_noamd,0.845175,0.845175,0.154825
a_noamd/T0206.jpg,a_noamd,b_amd,0.771708,0.228292,0.771708
a_noamd/T0207.jpg,a_noamd,b_amd,0.930771,0.069229,0.930771
a_noamd/T0208.jpg,a_noamd,a_noamd,0.674328,0.674328,0.325672
a_noamd/T0210.jpg,a_noamd,b_amd,0.886916,0.113084,0.886916
a_noamd/T0211.jpg,a_noamd,b_amd,0.548397,0.451603,0.548397
a_noamd/T0212.jpg,a_noamd,b_amd,0.686309,0.313691,0.686309
a_noamd/T0213.jpg,a_noamd,a_noamd,0.866764,0.866764,0.133236
a_noamd/T0214.jpg,a_noamd,a_noamd,0.868028,0.868028,0.131972
a_noamd/T0215.jpg,a_noamd,a_noamd,0.535960,0.535960,0.464040
a_noamd/T0216.jpg,a_noamd,a_noamd,0.623094,0.623094,0.376906
a_noamd/T0217.jpg,a_noamd,a_noamd,0.825259,0.825259,0.174741
a_noamd/T0218.jpg,a_noamd,a_noamd,0.910750,0.910750,0.089250
a_noamd/T0220.jpg,a_noamd,b_amd,0.653243,0.346757,0.653243
a_noamd/T0221.jpg,a_noamd,a_noamd,0.927452,0.927452,0.072548
a_noamd/T0222.jpg,a_noamd,a_noamd,0.922692,0.922692,0.077308
a_noamd/T0223.jpg,a_noamd,b_amd,0.622425,0.377575,0.622425
a_noamd/T0224.jpg,a_noamd,a_noamd,0.821519,0.821519,0.178481
a_noamd/T0225.jpg,a_noamd,a_noamd,0.573432,0.573432,0.426568
a_noamd/T0228.jpg,a_noamd,b_amd,0.693827,0.306173,0.693827
a_noamd/T0229.jpg,a_noamd,a_noamd,0.858616,0.858616,0.141384
a_noamd/T0230.jpg,a_noamd,b_amd,0.933225,0.066775,0.933225
a_noamd/T0231.jpg,a_noamd,b_amd,0.510459,0.489541,0.510459
a_noamd/T0232.jpg,a_noamd,a_noamd,0.885753,0.885753,0.114247
a_noamd/T0233.jpg,a_noamd,a_noamd,0.713792,0.713792,0.286208
a_noamd/T0234.jpg,a_noamd,a_noamd,0.824245,0.824245,0.175755
a_noamd/T0235.jpg,a_noamd,a_noamd,0.615833,0.615833,0.384167
a_noamd/T0236.jpg,a_noamd,a_noamd,0.894612,0.894612,0.105388
a_noamd/T0238.jpg,a_noamd,a_noamd,0.904338,0.904338,0.095662
a_noamd/T0239.jpg,a_noamd,b_amd,0.770118,0.229882,0.770118
a_noamd/T0240.jpg,a_noamd,b_amd,0.903466,0.096534,0.903466
a_noamd/T0241.jpg,a_noamd,b_amd,0.897992,0.102008,0.897992
a_noamd/T0242.jpg,a_noamd,a_noamd,0.795585,0.795585,0.204415
a_noamd/T0243.jpg,a_noamd,a_noamd,0.729355,0.729355,0.270646
a_noamd/T0246.jpg,a_noamd,a_noamd,0.939489,0.939489,0.060511
a_noamd/T0248.jpg,a_noamd,a_noamd,0.927041,0.927041,0.072959
a_noamd/T0249.jpg,a_noamd,a_noamd,0.759996,0.759996,0.240004
a_noamd/T0250.jpg,a_noamd,a_noamd,0.915173,0.915173,0.084827
a_noamd/T0251.jpg,a_noamd,a_noamd,0.520589,0.520589,0.479411
a_noamd/T0253.jpg,a_noamd,b_amd,0.873946,0.126054,0.873946
a_noamd/T0256.jpg,a_noamd,a_noamd,0.918141,0.918141,0.081859
a_noamd/T0257.jpg,a_noamd,a_noamd,0.926769,0.926769,0.073231
a_noamd/T0259.jpg,a_noamd,a_noamd,0.859805,0.859805,0.140195
a_noamd/T0260.jpg,a_noamd,a_noamd,0.866642,0.866642,0.133358
a_noamd/T0262.jpg,a_noamd,b_amd,0.863512,0.136488,0.863512
a_noamd/T0263.jpg,a_noamd,a_noamd,0.529877,0.529877,0.470123
a_noamd/T0264.jpg,a_noamd,a_noamd,0.616045,0.616045,0.383955
a_noamd/T0265.jpg,a_noamd,b_amd,0.905492,0.094508,0.905492
a_noamd/T0266.jpg,a_noamd,a_noamd,0.868798,0.868798,0.131202
a_noamd/T0267.jpg,a_noamd,a_noamd,0.855512,0.855512,0.144488
a_noamd/T0268.jpg,a_noamd,a_noamd,0.870377,0.870377,0.129623
a_noamd/T0269.jpg,a_noamd,a_noamd,0.892791,0.892791,0.107209
a_noamd/T0270.jpg,a_noamd,a_noamd,0.878395,0.878395,0.121605
a_noamd/T0271.jpg,a_noamd,b_amd,0.833970,0.166030,0.833970
a_noamd/T0272.jpg,a_noamd,a_noamd,0.869971,0.869971,0.130029
a_noamd/T0273.jpg,a_noamd,a_noamd,0.927252,0.927252,0.072748
a_noamd/T0274.jpg,a_noamd,a_noamd,0.934229,0.934229,0.065771
a_noamd/T0275.jpg,a_noamd,a_noamd,0.904099,0.904099,0.095901
a_noamd/T0276.jpg,a_noamd,b_amd,0.871699,0.128301,0.871699
a_noamd/T0277.jpg,a_noamd,a_noamd,0.803590,0.803590,0.196410
a_noamd/T0278.jpg,a_noamd,a_noamd,0.924557,0.924557,0.075443
a_noamd/T0279.jpg,a_noamd,b_amd,0.894344,0.105656,0.894344
a_noamd/T0280.jpg,a_noamd,a_noamd,0.794629,0.794629,0.205371
a_noamd/T0281.jpg,a_noamd,b_amd,0.761334,0.238666,0.761334
a_noamd/T0282.jpg,a_noamd,a_noamd,0.923182,0.923182,0.076818
a_noamd/T0283.jpg,a_noamd,b_amd,0.922162,0.077838,0.922162
a_noamd/T0284.jpg,a_noamd,b_amd,0.937321,0.062679,0.937321
a_noamd/T0285.jpg,a_noamd,a_noamd,0.876572,0.876572,0.123428
a_noamd/T0287.jpg,a_noamd,a_noamd,0.932156,0.932156,0.067844
a_noamd/T0288.jpg,a_noamd,a_noamd,0.923469,0.923469,0.076531
a_noamd/T0289.jpg,a_noamd,b_amd,0.897721,0.102279,0.897721
a_noamd/T0290.jpg,a_noamd,a_noamd,0.933416,0.933416,0.066584
a_noamd/T0292.jpg,a_noamd,a_noamd,0.853000,0.853000,0.147000
a_noamd/T0293.jpg,a_noamd,a_noamd,0.917057,0.917057,0.082943
a_noamd/T0294.jpg,a_noamd,b_amd,0.604261,0.395739,0.604261
a_noamd/T0295.jpg,a_noamd,a_noamd,0.840678,0.840678,0.159322
a_noamd/T0296.jpg,a_noamd,a_noamd,0.922565,0.922565,0.077435
a_noamd/T0297.jpg,a_noamd,a_noamd,0.898551,0.898551,0.101449
a_noamd/T0299.jpg,a_noamd,a_noamd,0.936404,0.936404,0.063596
a_noamd/T0300.jpg,a_noamd,a_noamd,0.650133,0.650133,0.349867
a_noamd/T0302.jpg,a_noamd,a_noamd,0.886196,0.886196,0.113804
a_noamd/T0303.jpg,a_noamd,a_noamd,0.531728,0.531728,0.468272
a_noamd/T0304.jpg,a_noamd,b_amd,0.936369,0.063632,0.936369
a_noamd/T0305.jpg,a_noamd,a_noamd,0.921840,0.921840,0.078160
a_noamd/T0306.jpg,a_noamd,a_noamd,0.847645,0.847645,0.152355
a_noamd/T0308.jpg,a_noamd,a_noamd,0.615597,0.615597,0.384403
a_noamd/T0309.jpg,a_noamd,a_noamd,0.924810,0.924810,0.075190
a_noamd/T0310.jpg,a_noamd,a_noamd,0.865971,0.865971,0.134029
a_noamd/T0311.jpg,a_noamd,b_amd,0.793108,0.206892,0.793108
a_noamd/T0312.jpg,a_noamd,a_noamd,0.815112,0.815112,0.184888
a_noamd/T0313.jpg,a_noamd,b_amd,0.944853,0.055147,0.944853
a_noamd/T0314.jpg,a_noamd,b_amd,0.885847,0.114153,0.885847
a_noamd/T0315.jpg,a_noamd,b_amd,0.647571,0.352429,0.647571
a_noamd/T0316.jpg,a_noamd,b_amd,0.774702,0.225298,0.774702
a_noamd/T0317.jpg,a_noamd,b_amd,0.803182,0.196818,0.803182
a_noamd/T0318.jpg,a_noamd,a_noamd,0.928092,0.928092,0.071908
a_noamd/T0319.jpg,a_noamd,a_noamd,0.716419,0.716419,0.283581
a_noamd/T0320.jpg,a_noamd,b_amd,0.904616,0.095384,0.904616
a_noamd/T0321.jpg,a_noamd,a_noamd,0.895290,0.895290,0.104710
a_noamd/T0322.jpg,a_noamd,a_noamd,0.794170,0.794170,0.205830
a_noamd/T0324.jpg,a_noamd,a_noamd,0.925910,0.925910,0.074090
a_noamd/T0327.jpg,a_noamd,a_noamd,0.814565,0.814565,0.185435
a_noamd/T0328.jpg,a_noamd,a_noamd,0.888337,0.888337,0.111663
a_noamd/T0330.jpg,a_noamd,a_noamd,0.929945,0.929945,0.070055
a_noamd/T0331.jpg,a_noamd,b_amd,0.565331,0.434669,0.565331
a_noamd/T0332.jpg,a_noamd,a_noamd,0.901099,0.901099,0.098901
a_noamd/T0333.jpg,a_noamd,a_noamd,0.842796,0.842796,0.157204
a_noamd/T0334.jpg,a_noamd,a_noamd,0.796398,0.796398,0.203602
a_noamd/T0335.jpg,a_noamd,a_noamd,0.899573,0.899573,0.100427
a_noamd/T0336.jpg,a_noamd,a_noamd,0.918124,0.918124,0.081876
a_noamd/T0337.jpg,a_noamd,b_amd,0.771121,0.228879,0.771121
a_noamd/T0338.jpg,a_noamd,a_noamd,0.923463,0.923463,0.076537
a_noamd/T0339.jpg,a_noamd,a_noamd,0.537355,0.537355,0.462645
a_noamd/T0340.jpg,a_noamd,a_noamd,0.935306,0.935306,0.064694
a_noamd/T0341.jpg,a_noamd,b_amd,0.783127,0.216873,0.783127
a_noamd/T0342.jpg,a_noamd,a_noamd,0.800280,0.800280,0.199720
a_noamd/T0343.jpg,a_noamd,b_amd,0.948794,0.051206,0.948794
a_noamd/T0344.jpg,a_noamd,a_noamd,0.906202,0.906202,0.093798
a_noamd/T0345.jpg,a_noamd,a_noamd,0.861471,0.861471,0.138529
a_noamd/T0346.jpg,a_noamd,a_noamd,0.840569,0.840569,0.159431
a_noamd/T0347.jpg,a_noamd,b_amd,0.727987,0.272013,0.727987
a_noamd/T0349.jpg,a_noamd,a_noamd,0.926474,0.926474,0.073526
a_noamd/T0350.jpg,a_noamd,a_noamd,0.888027,0.888027,0.111972
a_noamd/T0352.jpg,a_noamd,a_noamd,0.882216,0.882216,0.117784
a_noamd/T0353.jpg,a_noamd,a_noamd,0.927988,0.927988,0.072012
a_noamd/T0354.jpg,a_noamd,a_noamd,0.895498,0.895498,0.104502
a_noamd/T0355.jpg,a_noamd,a_noamd,0.928766,0.928766,0.071234
a_noamd/T0356.jpg,a_noamd,b_amd,0.912897,0.087103,0.912897
a_noamd/T0357.jpg,a_noamd,a_noamd,0.879342,0.879342,0.120658
a_noamd/T0358.jpg,a_noamd,a_noamd,0.927528,0.927528,0.072472
a_noamd/T0359.jpg,a_noamd,a_noamd,0.647288,0.647288,0.352712
a_noamd/T0360.jpg,a_noamd,a_noamd,0.936964,0.936964,0.063036
a_noamd/T0362.jpg,a_noamd,a_noamd,0.888039,0.888039,0.111961
a_noamd/T0363.jpg,a_noamd,b_amd,0.934624,0.065376,0.934624
a_noamd/T0365.jpg,a_noamd,a_noamd,0.883996,0.883996,0.116004
a_noamd/T0367.jpg,a_noamd,a_noamd,0.869698,0.869698,0.130302
a_noamd/T0369.jpg,a_noamd,b_amd,0.937726,0.062274,0.937726
a_noamd/T0370.jpg,a_noamd,a_noamd,0.665936,0.665936,0.334064
a_noamd/T0371.jpg,a_noamd,a_noamd,0.888097,0.888097,0.111903
a_noamd/T0373.jpg,a_noamd,b_amd,0.915199,0.084801,0.915199
a_noamd/T0374.jpg,a_noamd,a_noamd,0.928871,0.928871,0.071129
a_noamd/T0375.jpg,a_noamd,a_noamd,0.901415,0.901415,0.098585
a_noamd/T0376.jpg,a_noamd,a_noamd,0.922002,0.922002,0.077998
a_noamd/T0379.jpg,a_noamd,b_amd,0.878294,0.121706,0.878294
a_noamd/T0380.jpg,a_noamd,a_noamd,0.839937,0.839937,0.160063
a_noamd/T0383.jpg,a_noamd,b_amd,0.935871,0.064129,0.935871
a_noamd/T0384.jpg,a_noamd,b_amd,0.524079,0.475921,0.524079
a_noamd/T0385.jpg,a_noamd,a_noamd,0.912151,0.912151,0.087849
a_noamd/T0387.jpg,a_noamd,a_noamd,0.906287,0.906287,0.093713
a_noamd/T0388.jpg,a_noamd,a_noamd,0.533416,0.533416,0.466584
a_noamd/T0389.jpg,a_noamd,a_noamd,0.860788,0.860788,0.139212
a_noamd/T0391.jpg,a_noamd,b_amd,0.935783,0.064217,0.935783
a_noamd/T0395.jpg,a_noamd,a_noamd,0.933025,0.933025,0.066975
a_noamd/T0396.jpg,a_noamd,a_noamd,0.905652,0.905652,0.094348
a_noamd/T0397.jpg,a_noamd,b_amd,0.665406,0.334594,0.665406
a_noamd/T0398.jpg,a_noamd,b_amd,0.546902,0.453098,0.546902
a_noamd/T0399.jpg,a_noamd,a_noamd,0.897753,0.897753,0.102247
a_noamd/T0400.jpg,a_noamd,b_amd,0.940129,0.059871,0.940129
a_noamd/V0001.jpg,a_noamd,b_amd,0.939170,0.060830,0.939170
a_noamd/V0002.jpg,a_noamd,a_noamd,0.913325,0.913325,0.086675
a_noamd/V0003.jpg,a_noamd,a_noamd,0.833280,0.833280,0.166720
a_noamd/V0004.jpg,a_noamd,b_amd,0.913298,0.086702,0.913298
a_noamd/V0005.jpg,a_noamd,a_noamd,0.770846,0.770846,0.229154
a_noamd/V0006.jpg,a_noamd,a_noamd,0.792880,0.792880,0.207120
a_noamd/V0007.jpg,a_noamd,b_amd,0.758472,0.241528,0.758472
a_noamd/V0008.jpg,a_noamd,b_amd,0.943752,0.056248,0.943752
a_noamd/V0010.jpg,a_noamd,a_noamd,0.912628,0.912628,0.087372
a_noamd/V0011.jpg,a_noamd,a_noamd,0.903758,0.903758,0.096242
a_noamd/V0012.jpg,a_noamd,a_noamd,0.917106,0.917106,0.082894
a_noamd/V0014.jpg,a_noamd,b_amd,0.727408,0.272592,0.727408
a_noamd/V0015.jpg,a_noamd,a_noamd,0.650029,0.650029,0.349971
a_noamd/V0016.jpg,a_noamd,a_noamd,0.646245,0.646245,0.353755
a_noamd/V0017.jpg,a_noamd,a_noamd,0.810808,0.810808,0.189192
a_noamd/V0018.jpg,a_noamd,b_amd,0.918405,0.081595,0.918405
a_noamd/V0019.jpg,a_noamd,a_noamd,0.928253,0.928253,0.071747
a_noamd/V0020.jpg,a_noamd,a_noamd,0.881538,0.881538,0.118462
a_noamd/V0021.jpg,a_noamd,b_amd,0.928229,0.071771,0.928229
a_noamd/V0023.jpg,a_noamd,a_noamd,0.919381,0.919381,0.080619
a_noamd/V0024.jpg,a_noamd,a_noamd,0.878218,0.878218,0.121782
a_noamd/V0025.jpg,a_noamd,a_noamd,0.899747,0.899747,0.100253
a_noamd/V0026.jpg,a_noamd,b_amd,0.751190,0.248810,0.751190
a_noamd/V0027.jpg,a_noamd,b_amd,0.926996,0.073004,0.926996
a_noamd/V0028.jpg,a_noamd,a_noamd,0.924019,0.924019,0.075981
a_noamd/V0029.jpg,a_noamd,b_amd,0.785488,0.214512,0.785488
a_noamd/V0031.jpg,a_noamd,b_amd,0.922572,0.077428,0.922572
a_noamd/V0032.jpg,a_noamd,a_noamd,0.818045,0.818045,0.181955
a_noamd/V0035.jpg,a_noamd,b_amd,0.944781,0.055219,0.944781
a_noamd/V0036.jpg,a_noamd,b_amd,0.532996,0.467004,0.532996
a_noamd/V0037.jpg,a_noamd,a_noamd,0.886350,0.886350,0.113650
a_noamd/V0038.jpg,a_noamd,a_noamd,0.559703,0.559703,0.440297
a_noamd/V0039.jpg,a_noamd,a_noamd,0.748474,0.748474,0.251526
a_noamd/V0040.jpg,a_noamd,a_noamd,0.866150,0.866150,0.133850
a_noamd/V0041.jpg,a_noamd,b_amd,0.581790,0.418210,0.581790
a_noamd/V0042.jpg,a_noamd,a_noamd,0.758495,0.758495,0.241505
a_noamd/V0044.jpg,a_noamd,a_noamd,0.926317,0.926317,0.073683
a_noamd/V0045.jpg,a_noamd,b_amd,0.880890,0.119110,0.880890
a_noamd/V0046.jpg,a_noamd,b_amd,0.734457,0.265543,0.734457
a_noamd/V0047.jpg,a_noamd,a_noamd,0.928663,0.928663,0.071337
a_noamd/V0049.jpg,a_noamd,a_noamd,0.758833,0.758833,0.241167
a_noamd/V0052.jpg,a_noamd,a_noamd,0.910396,0.910396,0.089604
a_noamd/V0053.jpg,a_noamd,b_amd,0.744357,0.255643,0.744357
a_noamd/V0054.jpg,a_noamd,b_amd,0.796416,0.203584,0.796416
a_noamd/V0055.jpg,a_noamd,a_noamd,0.907299,0.907299,0.092701
a_noamd/V0056.jpg,a_noamd,b_amd,0.919811,0.080189,0.919811
a_noamd/V0057.jpg,a_noamd,a_noamd,0.932294,0.932294,0.067706
a_noamd/V0058.jpg,a_noamd,b_amd,0.551731,0.448269,0.551731
a_noamd/V0059.jpg,a_noamd,a_noamd,0.902792,0.902792,0.097208
a_noamd/V0060.jpg,a_noamd,b_amd,0.757306,0.242694,0.757306
a_noamd/V0062.jpg,a_noamd,a_noamd,0.907671,0.907671,0.092329
a_noamd/V0064.jpg,a_noamd,b_amd,0.826739,0.173261,0.826739
a_noamd/V0065.jpg,a_noamd,a_noamd,0.903057,0.903057,0.096943
a_noamd/V0066.jpg,a_noamd,a_noamd,0.929963,0.929963,0.070037
a_noamd/V0067.jpg,a_noamd,a_noamd,0.518895,0.518895,0.481105
a_noamd/V0068.jpg,a_noamd,b_amd,0.752315,0.247685,0.752315
a_noamd/V0069.jpg,a_noamd,a_noamd,0.871430,0.871430,0.128570
a_noamd/V0070.jpg,a_noamd,a_noamd,0.922906,0.922906,0.077094
a_noamd/V0071.jpg,a_noamd,b_amd,0.719987,0.280013,0.719987
a_noamd/V0072.jpg,a_noamd,b_amd,0.645915,0.354085,0.645915
a_noamd/V0073.jpg,a_noamd,a_noamd,0.808144,0.808144,0.191856
a_noamd/V0074.jpg,a_noamd,b_amd,0.849402,0.150598,0.849402
a_noamd/V0075.jpg,a_noamd,a_noamd,0.923515,0.923515,0.076485
a_noamd/V0076.jpg,a_noamd,a_noamd,0.895036,0.895036,0.104964
a_noamd/V0077.jpg,a_noamd,a_noamd,0.929485,0.929485,0.070515
a_noamd/V0079.jpg,a_noamd,a_noamd,0.858928,0.858928,0.141072
a_noamd/V0081.jpg,a_noamd,b_amd,0.893380,0.106620,0.893380
a_noamd/V0082.jpg,a_noamd,a_noamd,0.898204,0.898204,0.101796
a_noamd/V0084.jpg,a_noamd,a_noamd,0.783642,0.783642,0.216358
a_noamd/V0086.jpg,a_noamd,b_amd,0.798845,0.201155,0.798845
a_noamd/V0088.jpg,a_noamd,a_noamd,0.937741,0.937741,0.062259
a_noamd/V0090.jpg,a_noamd,a_noamd,0.921929,0.921929,0.078071
a_noamd/V0092.jpg,a_noamd,a_noamd,0.903657,0.903657,0.096343
a_noamd/V0094.jpg,a_noamd,a_noamd,0.917246,0.917246,0.082754
a_noamd/V0095.jpg,a_noamd,b_amd,0.685014,0.314986,0.685014
a_noamd/V0096.jpg,a_noamd,a_noamd,0.905122,0.905122,0.094878
a_noamd/V0097.jpg,a_noamd,a_noamd,0.712780,0.712780,0.287220
a_noamd/V0098.jpg,a_noamd,a_noamd,0.520775,0.520775,0.479225
a_noamd/V0100.jpg,a_noamd,b_amd,0.932705,0.067295,0.932705
a_noamd/V0101.jpg,a_noamd,a_noamd,0.908763,0.908763,0.091237
a_noamd/V0102.jpg,a_noamd,a_noamd,0.776928,0.776928,0.223072
a_noamd/V0104.jpg,a_noamd,a_noamd,0.926528,0.926528,0.073472
a_noamd/V0107.jpg,a_noamd,a_noamd,0.917793,0.917793,0.082207
a_noamd/V0109.jpg,a_noamd,a_noamd,0.930150,0.930150,0.069850
a_noamd/V0110.jpg,a_noamd,a_noamd,0.866843,0.866843,0.133157
a_noamd/V0112.jpg,a_noamd,a_noamd,0.821451,0.821451,0.178549
a_noamd/V0113.jpg,a_noamd,b_amd,0.574714,0.425286,0.574714
a_noamd/V0114.jpg,a_noamd,a_noamd,0.517127,0.517127,0.482873
a_noamd/V0116.jpg,a_noamd,b_amd,0.861283,0.138717,0.861283
a_noamd/V0118.jpg,a_noamd,a_noamd,0.905674,0.905674,0.094326
a_noamd/V0120.jpg,a_noamd,a_noamd,0.894226,0.894226,0.105774
a_noamd/V0121.jpg,a_noamd,a_noamd,0.600806,0.600806,0.399194
a_noamd/V0122.jpg,a_noamd,b_amd,0.866045,0.133954,0.866045
a_noamd/V0123.jpg,a_noamd,a_noamd,0.924818,0.924818,0.075182
a_noamd/V0124.jpg,a_noamd,a_noamd,0.907430,0.907430,0.092570
a_noamd/V0126.jpg,a_noamd,a_noamd,0.788274,0.788274,0.211726
a_noamd/V0127.jpg,a_noamd,a_noamd,0.502141,0.502141,0.497859
a_noamd/V0128.jpg,a_noamd,a_noamd,0.646562,0.646562,0.353438
a_noamd/V0130.jpg,a_noamd,b_amd,0.770947,0.229053,0.770947
a_noamd/V0131.jpg,a_noamd,a_noamd,0.856909,0.856909,0.143091
a_noamd/V0132.jpg,a_noamd,a_noamd,0.827879,0.827879,0.172121
a_noamd/V0134.jpg,a_noamd,b_amd,0.882475,0.117525,0.882475
a_noamd/V0136.jpg,a_noamd,a_noamd,0.686834,0.686834,0.313166
a_noamd/V0137.jpg,a_noamd,a_noamd,0.807022,0.807022,0.192978
a_noamd/V0138.jpg,a_noamd,b_amd,0.787766,0.212234,0.787766
a_noamd/V0139.jpg,a_noamd,a_noamd,0.769698,0.769698,0.230302
a_noamd/V0140.jpg,a_noamd,a_noamd,0.921505,0.921505,0.078495
a_noamd/V0142.jpg,a_noamd,b_amd,0.847787,0.152213,0.847787
a_noamd/V0143.jpg,a_noamd,a_noamd,0.866298,0.866298,0.133702
a_noamd/V0144.jpg,a_noamd,a_noamd,0.887961,0.887961,0.112039
a_noamd/V0145.jpg,a_noamd,a_noamd,0.920221,0.920221,0.079779
a_noamd/V0148.jpg,a_noamd,a_noamd,0.928915,0.928915,0.071085
a_noamd/V0149.jpg,a_noamd,b_amd,0.845613,0.154387,0.845613
a_noamd/V0150.jpg,a_noamd,a_noamd,0.903274,0.903274,0.096726
a_noamd/V0153.jpg,a_noamd,a_noamd,0.735159,0.735159,0.264841
a_noamd/V0154.jpg,a_noamd,b_amd,0.948164,0.051836,0.948164
a_noamd/V0155.jpg,a_noamd,a_noamd,0.918368,0.918368,0.081632
a_noamd/V0156.jpg,a_noamd,a_noamd,0.865413,0.865413,0.134587
a_noamd/V0157.jpg,a_noamd,a_noamd,0.857861,0.857861,0.142139
a_noamd/V0160.jpg,a_noamd,b_amd,0.858755,0.141245,0.858755
a_noamd/V0162.jpg,a_noamd,a_noamd,0.720192,0.720192,0.279808
a_noamd/V0163.jpg,a_noamd,a_noamd,0.896446,0.896446,0.103554
a_noamd/V0164.jpg,a_noamd,b_amd,0.875571,0.124429,0.875571
a_noamd/V0165.jpg,a_noamd,a_noamd,0.861627,0.861627,0.138373
a_noamd/V0166.jpg,a_noamd,a_noamd,0.909139,0.909139,0.090861
a_noamd/V0167.jpg,a_noamd,a_noamd,0.912451,0.912451,0.087549
a_noamd/V0168.jpg,a_noamd,a_noamd,0.930181,0.930181,0.069819
a_noamd/V0169.jpg,a_noamd,a_noamd,0.914482,0.914482,0.085518
a_noamd/V0171.jpg,a_noamd,a_noamd,0.855016,0.855016,0.144984
a_noamd/V0174.jpg,a_noamd,a_noamd,0.924425,0.924425,0.075575
a_noamd/V0175.jpg,a_noamd,a_noamd,0.767136,0.767136,0.232864
a_noamd/V0176.jpg,a_noamd,b_amd,0.615139,0.384861,0.615139
a_noamd/V0177.jpg,a_noamd,a_noamd,0.617963,0.617963,0.382037
a_noamd/V0178.jpg,a_noamd,a_noamd,0.588202,0.588202,0.411798
a_noamd/V0179.jpg,a_noamd,a_noamd,0.920826,0.920826,0.079174
a_noamd/V0181.jpg,a_noamd,a_noamd,0.932115,0.932115,0.067885
a_noamd/V0183.jpg,a_noamd,a_noamd,0.525205,0.525205,0.474795
a_noamd/V0184.jpg,a_noamd,b_amd,0.786862,0.213138,0.786862
a_noamd/V0185.jpg,a_noamd,b_amd,0.758986,0.241014,0.758986
a_noamd/V0186.jpg,a_noamd,a_noamd,0.852107,0.852107,0.147893
a_noamd/V0189.jpg,a_noamd,b_amd,0.834636,0.165364,0.834636
a_noamd/V0191.jpg,a_noamd,a_noamd,0.915933,0.915933,0.084067
a_noamd/V0192.jpg,a_noamd,b_amd,0.610146,0.389854,0.610146
a_noamd/V0193.jpg,a_noamd,b_amd,0.826927,0.173073,0.826927
a_noamd/V0194.jpg,a_noamd,b_amd,0.930463,0.069537,0.930463
a_noamd/V0195.jpg,a_noamd,a_noamd,0.884804,0.884804,0.115196
a_noamd/V0197.jpg,a_noamd,a_noamd,0.924521,0.924521,0.075479
a_noamd/V0198.jpg,a_noamd,a_noamd,0.829335,0.829335,0.170665
a_noamd/V0199.jpg,a_noamd,a_noamd,0.920657,0.920657,0.079343
a_noamd/V0200.jpg,a_noamd,a_noamd,0.600764,0.600764,0.399236
a_noamd/V0201.jpg,a_noamd,a_noamd,0.849487,0.849487,0.150513
a_noamd/V0202.jpg,a_noamd,a_noamd,0.932329,0.932329,0.067671
a_noamd/V0203.jpg,a_noamd,b_amd,0.662211,0.337789,0.662211
a_noamd/V0204.jpg,a_noamd,a_noamd,0.895826,0.895826,0.104174
a_noamd/V0205.jpg,a_noamd,a_noamd,0.925218,0.925218,0.074782
a_noamd/V0206.jpg,a_noamd,b_amd,0.832303,0.167697,0.832303
a_noamd/V0207.jpg,a_noamd,a_noamd,0.887800,0.887800,0.112200
a_noamd/V0208.jpg,a_noamd,a_noamd,0.843953,0.843953,0.156047
a_noamd/V0209.jpg,a_noamd,b_amd,0.731517,0.268483,0.731517
a_noamd/V0210.jpg,a_noamd,a_noamd,0.821320,0.821320,0.178680
a_noamd/V0211.jpg,a_noamd,a_noamd,0.881109,0.881109,0.118891
a_noamd/V0212.jpg,a_noamd,a_noamd,0.891843,0.891843,0.108157
a_noamd/V0213.jpg,a_noamd,b_amd,0.913839,0.086161,0.913839
a_noamd/V0214.jpg,a_noamd,a_noamd,0.856793,0.856793,0.143207
a_noamd/V0215.jpg,a_noamd,b_amd,0.553393,0.446607,0.553393
a_noamd/V0216.jpg,a_noamd,b_amd,0.637598,0.362402,0.637598
a_noamd/V0217.jpg,a_noamd,a_noamd,0.915644,0.915644,0.084356
a_noamd/V0219.jpg,a_noamd,a_noamd,0.824298,0.824298,0.175702
a_noamd/V0220.jpg,a_noamd,a_noamd,0.910939,0.910939,0.089061
a_noamd/V0221.jpg,a_noamd,b_amd,0.629323,0.370676,0.629323
a_noamd/V0222.jpg,a_noamd,b_amd,0.934643,0.065357,0.934643
a_noamd/V0223.jpg,a_noamd,b_amd,0.922606,0.077394,0.922606
a_noamd/V0224.jpg,a_noamd,b_amd,0.885650,0.114350,0.885650
a_noamd/V0225.jpg,a_noamd,a_noamd,0.883057,0.883057,0.116943
a_noamd/V0226.jpg,a_noamd,a_noamd,0.837706,0.837706,0.162294
a_noamd/V0228.jpg,a_noamd,a_noamd,0.931804,0.931804,0.068196
a_noamd/V0229.jpg,a_noamd,a_noamd,0.900231,0.900231,0.099769
a_noamd/V0230.jpg,a_noamd,a_noamd,0.826438,0.826438,0.173562
a_noamd/V0231.jpg,a_noamd,a_noamd,0.917768,0.917768,0.082232
a_noamd/V0232.jpg,a_noamd,a_noamd,0.913553,0.913553,0.086447
a_noamd/V0234.jpg,a_noamd,a_noamd,0.869412,0.869412,0.130588
a_noamd/V0235.jpg,a_noamd,b_amd,0.857978,0.142022,0.857978
a_noamd/V0236.jpg,a_noamd,a_noamd,0.920257,0.920257,0.079743
a_noamd/V0238.jpg,a_noamd,a_noamd,0.631757,0.631757,0.368243
a_noamd/V0239.jpg,a_noamd,b_amd,0.941153,0.058847,0.941153
a_noamd/V0240.jpg,a_noamd,a_noamd,0.699314,0.699314,0.300686
a_noamd/V0241.jpg,a_noamd,a_noamd,0.861208,0.861208,0.138791
a_noamd/V0242.jpg,a_noamd,b_amd,0.906586,0.093414,0.906586
a_noamd/V0243.jpg,a_noamd,a_noamd,0.753521,0.753521,0.246479
a_noamd/V0244.jpg,a_noamd,b_amd,0.728936,0.271064,0.728936
a_noamd/V0246.jpg,a_noamd,a_noamd,0.518056,0.518056,0.481944
a_noamd/V0247.jpg,a_noamd,b_amd,0.715088,0.284912,0.715088
a_noamd/V0249.jpg,a_noamd,a_noamd,0.897352,0.897352,0.102648
a_noamd/V0250.jpg,a_noamd,a_noamd,0.923528,0.923528,0.076471
a_noamd/V0252.jpg,a_noamd,a_noamd,0.906571,0.906571,0.093429
a_noamd/V0253.jpg,a_noamd,a_noamd,0.923675,0.923675,0.076325
a_noamd/V0254.jpg,a_noamd,b_amd,0.631900,0.368100,0.631900
a_noamd/V0255.jpg,a_noamd,a_noamd,0.918837,0.918837,0.081163
a_noamd/V0256.jpg,a_noamd,a_noamd,0.668956,0.668956,0.331044
a_noamd/V0257.jpg,a_noamd,a_noamd,0.840796,0.840796,0.159204
a_noamd/V0259.jpg,a_noamd,b_amd,0.506637,0.493363,0.506637
a_noamd/V0260.jpg,a_noamd,a_noamd,0.927137,0.927137,0.072863
a_noamd/V0261.jpg,a_noamd,a_noamd,0.862082,0.862082,0.137918
a_noamd/V0262.jpg,a_noamd,a_noamd,0.934310,0.934310,0.065689
a_noamd/V0263.jpg,a_noamd,a_noamd,0.875514,0.875514,0.124486
a_noamd/V0265.jpg,a_noamd,a_noamd,0.924795,0.924795,0.075205
a_noamd/V0266.jpg,a_noamd,b_amd,0.923711,0.076289,0.923711
a_noamd/V0268.jpg,a_noamd,b_amd,0.878180,0.121820,0.878180
a_noamd/V0270.jpg,a_noamd,a_noamd,0.606431,0.606431,0.393569
a_noamd/V0271.jpg,a_noamd,b_amd,0.918810,0.081190,0.918810
a_noamd/V0272.jpg,a_noamd,b_amd,0.632407,0.367593,0.632407
a_noamd/V0273.jpg,a_noamd,a_noamd,0.830299,0.830299,0.169701
a_noamd/V0274.jpg,a_noamd,b_amd,0.747606,0.252395,0.747606
a_noamd/V0275.jpg,a_noamd,b_amd,0.890218,0.109782,0.890218
a_noamd/V0276.jpg,a_noamd,a_noamd,0.897813,0.897813,0.102187
a_noamd/V0277.jpg,a_noamd,a_noamd,0.656482,0.656482,0.343518
a_noamd/V0278.jpg,a_noamd,a_noamd,0.924936,0.924936,0.075064
a_noamd/V0279.jpg,a_noamd,a_noamd,0.907413,0.907413,0.092587
a_noamd/V0280.jpg,a_noamd,a_noamd,0.899449,0.899449,0.100551
a_noamd/V0283.jpg,a_noamd,a_noamd,0.931896,0.931896,0.068104
a_noamd/V0285.jpg,a_noamd,b_amd,0.911337,0.088663,0.911337
a_noamd/V0286.jpg,a_noamd,b_amd,0.631465,0.368535,0.631465
a_noamd/V0287.jpg,a_noamd,b_amd,0.643459,0.356541,0.643459
a_noamd/V0288.jpg,a_noamd,a_noamd,0.878515,0.878515,0.121485
a_noamd/V0289.jpg,a_noamd,a_noamd,0.845346,0.845346,0.154654
a_noamd/V0290.jpg,a_noamd,a_noamd,0.844106,0.844106,0.155894
a_noamd/V0291.jpg,a_noamd,b_amd,0.959972,0.040028,0.959972
a_noamd/V0292.jpg,a_noamd,b_amd,0.888387,0.111613,0.888387
a_noamd/V0293.jpg,a_noamd,b_amd,0.530062,0.469938,0.530062
a_noamd/V0294.jpg,a_noamd,a_noamd,0.926944,0.926944,0.073056
a_noamd/V0295.jpg,a_noamd,a_noamd,0.633633,0.633633,0.366367
a_noamd/V0296.jpg,a_noamd,a_noamd,0.874290,0.874290,0.125710
a_noamd/V0298.jpg,a_noamd,a_noamd,0.848923,0.848923,0.151077
a_noamd/V0299.jpg,a_noamd,a_noamd,0.910824,0.910824,0.089176
a_noamd/V0300.jpg,a_noamd,a_noamd,0.920173,0.920173,0.079827
a_noamd/V0301.jpg,a_noamd,a_noamd,0.695401,0.695401,0.304599
a_noamd/V0302.jpg,a_noamd,a_noamd,0.913508,0.913508,0.086492
a_noamd/V0303.jpg,a_noamd,b_amd,0.730546,0.269454,0.730546
a_noamd/V0304.jpg,a_noamd,a_noamd,0.893391,0.893391,0.106609
a_noamd/V0305.jpg,a_noamd,a_noamd,0.602582,0.602582,0.397418
a_noamd/V0306.jpg,a_noamd,a_noamd,0.872929,0.872929,0.127071
a_noamd/V0307.jpg,a_noamd,a_noamd,0.928831,0.928831,0.071169
a_noamd/V0308.jpg,a_noamd,b_amd,0.634634,0.365366,0.634634
a_noamd/V0309.jpg,a_noamd,b_amd,0.927734,0.072266,0.927734
a_noamd/V0310.jpg,a_noamd,b_amd,0.932374,0.067626,0.932374
a_noamd/V0311.jpg,a_noamd,b_amd,0.801754,0.198246,0.801754
a_noamd/V0312.jpg,a_noamd,a_noamd,0.865130,0.865130,0.134871
a_noamd/V0313.jpg,a_noamd,a_noamd,0.899248,0.899248,0.100752
a_noamd/V0314.jpg,a_noamd,a_noamd,0.919491,0.919491,0.080508
a_noamd/V0315.jpg,a_noamd,a_noamd,0.834363,0.834363,0.165637
a_noamd/V0316.jpg,a_noamd,b_amd,0.697167,0.302833,0.697167
a_noamd/V0317.jpg,a_noamd,b_amd,0.912332,0.087668,0.912332
a_noamd/V0318.jpg,a_noamd,a_noamd,0.691985,0.691985,0.308015
a_noamd/V0320.jpg,a_noamd,a_noamd,0.922093,0.922093,0.077907
a_noamd/V0321.jpg,a_noamd,b_amd,0.886548,0.113453,0.886548
a_noamd/V0322.jpg,a_noamd,a_noamd,0.881659,0.881659,0.118341
a_noamd/V0324.jpg,a_noamd,a_noamd,0.554330,0.554330,0.445670
a_noamd/V0325.jpg,a_noamd,b_amd,0.755177,0.244823,0.755177
a_noamd/V0328.jpg,a_noamd,a_noamd,0.921457,0.921457,0.078543
a_noamd/V0329.jpg,a_noamd,b_amd,0.880126,0.119874,0.880126
a_noamd/V0332.jpg,a_noamd,a_noamd,0.864366,0.864366,0.135634
a_noamd/V0333.jpg,a_noamd,b_amd,0.931693,0.068307,0.931693
a_noamd/V0335.jpg,a_noamd,b_amd,0.837759,0.162241,0.837759
a_noamd/V0336.jpg,a_noamd,a_noamd,0.851660,0.851660,0.148340
a_noamd/V0338.jpg,a_noamd,b_amd,0.740888,0.259112,0.740888
a_noamd/V0339.jpg,a_noamd,a_noamd,0.898500,0.898500,0.101500
a_noamd/V0340.jpg,a_noamd,b_amd,0.586072,0.413928,0.586072
a_noamd/V0341.jpg,a_noamd,a_noamd,0.679941,0.679941,0.320059
a_noamd/V0342.jpg,a_noamd,b_amd,0.874704,0.125296,0.874704
a_noamd/V0343.jpg,a_noamd,a_noamd,0.767394,0.767394,0.232606
a_noamd/V0345.jpg,a_noamd,a_noamd,0.926057,0.926057,0.073943
a_noamd/V0346.jpg,a_noamd,a_noamd,0.923983,0.923983,0.076017
a_noamd/V0347.jpg,a_noamd,a_noamd,0.929551,0.929551,0.070449
a_noamd/V0348.jpg,a_noamd,a_noamd,0.914077,0.914077,0.085923
a_noamd/V0349.jpg,a_noamd,a_noamd,0.789970,0.789970,0.210030
a_noamd/V0350.jpg,a_noamd,b_amd,0.940383,0.059617,0.940383
a_noamd/V0351.jpg,a_noamd,a_noamd,0.907432,0.907432,0.092568
a_noamd/V0353.jpg,a_noamd,b_amd,0.585732,0.414268,0.585732
a_noamd/V0355.jpg,a_noamd,a_noamd,0.886923,0.886923,0.113077
a_noamd/V0356.jpg,a_noamd,b_amd,0.791176,0.208824,0.791176
a_noamd/V0358.jpg,a_noamd,a_noamd,0.917242,0.917242,0.082758
a_noamd/V0359.jpg,a_noamd,b_amd,0.914583,0.085417,0.914583
a_noamd/V0361.jpg,a_noamd,a_noamd,0.878251,0.878251,0.121749
a_noamd/V0362.jpg,a_noamd,b_amd,0.948012,0.051988,0.948012
a_noamd/V0364.jpg,a_noamd,a_noamd,0.870658,0.870658,0.129342
a_noamd/V0365.jpg,a_noamd,b_amd,0.937976,0.062024,0.937976
a_noamd/V0366.jpg,a_noamd,b_amd,0.791576,0.208424,0.791576
a_noamd/V0367.jpg,a_noamd,b_amd,0.825937,0.174063,0.825937
a_noamd/V0370.jpg,a_noamd,a_noamd,0.883469,0.883469,0.116531
a_noamd/V0371.jpg,a_noamd,a_noamd,0.887556,0.887556,0.112443
a_noamd/V0372.jpg,a_noamd,b_amd,0.556395,0.443605,0.556395
a_noamd/V0373.jpg,a_noamd,a_noamd,0.912461,0.912461,0.087539
a_noamd/V0374.jpg,a_noamd,a_noamd,0.905669,0.905669,0.094331
a_noamd/V0376.jpg,a_noamd,a_noamd,0.892975,0.892975,0.107025
a_noamd/V0377.jpg,a_noamd,b_amd,0.523677,0.476323,0.523677
a_noamd/V0378.jpg,a_noamd,a_noamd,0.922143,0.922143,0.077857
a_noamd/V0381.jpg,a_noamd,a_noamd,0.908488,0.908488,0.091512
a_noamd/V0382.jpg,a_noamd,b_amd,0.744471,0.255529,0.744471
a_noamd/V0383.jpg,a_noamd,b_amd,0.881566,0.118434,0.881566
a_noamd/V0384.jpg,a_noamd,a_noamd,0.752708,0.752708,0.247292
a_noamd/V0385.jpg,a_noamd,a_noamd,0.932294,0.932294,0.067706
a_noamd/V0386.jpg,a_noamd,b_amd,0.894447,0.105553,0.894447
a_noamd/V0387.jpg,a_noamd,a_noamd,0.923385,0.923385,0.076615
a_noamd/V0389.jpg,a_noamd,b_amd,0.939996,0.060004,0.939996
a_noamd/V0391.jpg,a_noamd,a_noamd,0.820947,0.820947,0.179053
a_noamd/V0393.jpg,a_noamd,a_noamd,0.905879,0.905879,0.094121
a_noamd/V0394.jpg,a_noamd,a_noamd,0.915425,0.915425,0.084575
a_noamd/V0395.jpg,a_noamd,a_noamd,0.900199,0.900199,0.099801
a_noamd/V0396.jpg,a_noamd,a_noamd,0.885209,0.885209,0.114791
a_noamd/V0398.jpg,a_noamd,a_noamd,0.835221,0.835221,0.164779
a_noamd/V0400.jpg,a_noamd,a_noamd,0.625874,0.625874,0.374126
b_amd/A0001.jpg,b_amd,b_amd,0.948351,0.051649,0.948351
b_amd/A0002.jpg,b_amd,b_amd,0.957729,0.042271,0.957729
b_amd/A0003.jpg,b_amd,b_amd,0.944666,0.055334,0.944666
b_amd/A0004.jpg,b_amd,b_amd,0.957850,0.042150,0.957850
b_amd/A0005.jpg,b_amd,b_amd,0.944954,0.055046,0.944954
b_amd/A0006.jpg,b_amd,b_amd,0.668171,0.331829,0.668171
b_amd/A0007.jpg,b_amd,b_amd,0.964043,0.035957,0.964043
b_amd/A0008.jpg,b_amd,b_amd,0.910302,0.089698,0.910302
b_amd/A0009.jpg,b_amd,b_amd,0.937595,0.062405,0.937595
b_amd/A0010.jpg,b_amd,b_amd,0.952885,0.047115,0.952885
b_amd/A0011.jpg,b_amd,b_amd,0.945029,0.054971,0.945029
b_amd/A0012.jpg,b_amd,b_amd,0.939592,0.060408,0.939592
b_amd/A0013.jpg,b_amd,b_amd,0.906543,0.093457,0.906543
b_amd/A0014.jpg,b_amd,a_noamd,0.886430,0.886430,0.113570
b_amd/A0015.jpg,b_amd,b_amd,0.933855,0.066145,0.933855
b_amd/A0016.jpg,b_amd,b_amd,0.947252,0.052748,0.947252
b_amd/A0017.jpg,b_amd,b_amd,0.950431,0.049569,0.950431
b_amd/A0018.jpg,b_amd,b_amd,0.728002,0.271998,0.728002
b_amd/A0019.jpg,b_amd,b_amd,0.935162,0.064838,0.935162
b_amd/A0020.jpg,b_amd,b_amd,0.954728,0.045272,0.954728
b_amd/A0021.jpg,b_amd,b_amd,0.919752,0.080248,0.919752
b_amd/A0022.jpg,b_amd,b_amd,0.949578,0.050422,0.949578
b_amd/A0023.jpg,b_amd,b_amd,0.961432,0.038569,0.961432
b_amd/A0024.jpg,b_amd,a_noamd,0.503186,0.503186,0.496814
b_amd/A0025.jpg,b_amd,b_amd,0.518903,0.481097,0.518903
b_amd/A0026.jpg,b_amd,a_noamd,0.522151,0.522151,0.477849
b_amd/A0027.jpg,b_amd,b_amd,0.947956,0.052044,0.947956
b_amd/A0028.jpg,b_amd,b_amd,0.942168,0.057832,0.942168
b_amd/A0029.jpg,b_amd,b_amd,0.919909,0.080091,0.919909
b_amd/A0030.jpg,b_amd,a_noamd,0.661282,0.661282,0.338718
b_amd/A0031.jpg,b_amd,b_amd,0.909215,0.090785,0.909215
b_amd/A0032.jpg,b_amd,b_amd,0.956386,0.043614,0.956386
b_amd/A0033.jpg,b_amd,b_amd,0.943819,0.056181,0.943819
b_amd/A0034.jpg,b_amd,b_amd,0.947237,0.052763,0.947237
b_amd/A0035.jpg,b_amd,b_amd,0.951226,0.048774,0.951226
b_amd/A0036.jpg,b_amd,b_amd,0.952137,0.047863,0.952137
b_amd/A0037.jpg,b_amd,b_amd,0.953470,0.046530,0.953470
b_amd/A0038.jpg,b_amd,b_amd,0.958153,0.041847,0.958153
b_amd/A0039.jpg,b_amd,b_amd,0.647949,0.352051,0.647949
b_amd/A0040.jpg,b_amd,a_noamd,0.819449,0.819449,0.180551
b_amd/A0041.jpg,b_amd,a_noamd,0.609891,0.609891,0.390109
b_amd/A0042.jpg,b_amd,b_amd,0.797370,0.202630,0.797370
b_amd/A0043.jpg,b_amd,b_amd,0.958390,0.041609,0.958390
b_amd/A0044.jpg,b_amd,b_amd,0.949713,0.050287,0.949713
b_amd/A0045.jpg,b_amd,b_amd,0.916076,0.083924,0.916076
b_amd/A0046.jpg,b_amd,b_amd,0.956564,0.043436,0.956564
b_amd/A0047.jpg,b_amd,b_amd,0.924906,0.075094,0.924906
b_amd/A0048.jpg,b_amd,b_amd,0.957176,0.042824,0.957176
b_amd/A0049.jpg,b_amd,b_amd,0.952473,0.047527,0.952473
b_amd/A0050.jpg,b_amd,b_amd,0.955690,0.044310,0.955690
b_amd/A0051.jpg,b_amd,b_amd,0.886548,0.113453,0.886548
b_amd/A0052.jpg,b_amd,b_amd,0.945903,0.054097,0.945903
b_amd/A0053.jpg,b_amd,b_amd,0.942646,0.057354,0.942646
b_amd/A0054.jpg,b_amd,b_amd,0.913988,0.086012,0.913988
b_amd/A0055.jpg,b_amd,b_amd,0.868158,0.131842,0.868158
b_amd/A0056.jpg,b_amd,b_amd,0.957663,0.042337,0.957663
b_amd/A0057.jpg,b_amd,b_amd,0.956443,0.043557,0.956443
b_amd/A0058.jpg,b_amd,b_amd,0.912819,0.087181,0.912819
b_amd/A0059.jpg,b_amd,b_amd,0.912764,0.087236,0.912764
b_amd/A0060.jpg,b_amd,b_amd,0.942755,0.057245,0.942755
b_amd/A0061.jpg,b_amd,b_amd,0.930557,0.069443,0.930557
b_amd/A0062.jpg,b_amd,b_amd,0.953264,0.046736,0.953264
b_amd/A0063.jpg,b_amd,b_amd,0.929718,0.070282,0.929718
b_amd/A0064.jpg,b_amd,b_amd,0.876651,0.123349,0.876651
b_amd/A0065.jpg,b_amd,b_amd,0.625593,0.374406,0.625593
b_amd/A0066.jpg,b_amd,b_amd,0.964940,0.035060,0.964940
b_amd/A0067.jpg,b_amd,b_amd,0.963514,0.036486,0.963514
b_amd/A0068.jpg,b_amd,b_amd,0.960915,0.039085,0.960915
b_amd/A0069.jpg,b_amd,b_amd,0.947645,0.052355,0.947645
b_amd/A0070.jpg,b_amd,b_amd,0.918070,0.081930,0.918070
b_amd/A0071.jpg,b_amd,b_amd,0.959691,0.040309,0.959691
b_amd/A0072.jpg,b_amd,b_amd,0.964102,0.035898,0.964102
b_amd/A0073.jpg,b_amd,b_amd,0.890843,0.109157,0.890843
b_amd/A0074.jpg,b_amd,b_amd,0.924528,0.075472,0.924528
b_amd/A0075.jpg,b_amd,b_amd,0.953386,0.046614,0.953386
b_amd/A0076.jpg,b_amd,b_amd,0.949520,0.050480,0.949520
b_amd/A0077.jpg,b_amd,b_amd,0.963984,0.036016,0.963984
b_amd/A0078.jpg,b_amd,b_amd,0.838749,0.161251,0.838749
b_amd/A0079.jpg,b_amd,a_noamd,0.797343,0.797343,0.202657
b_amd/A0080.jpg,b_amd,b_amd,0.939393,0.060607,0.939393
b_amd/A0081.jpg,b_amd,b_amd,0.934083,0.065917,0.934083
b_amd/A0082.jpg,b_amd,b_amd,0.756093,0.243907,0.756093
b_amd/A0083.jpg,b_amd,b_amd,0.878149,0.121851,0.878149
b_amd/A0084.jpg,b_amd,b_amd,0.907649,0.092351,0.907649
b_amd/A0085.jpg,b_amd,b_amd,0.910004,0.089996,0.910004
b_amd/A0086.jpg,b_amd,b_amd,0.935176,0.064824,0.935176
b_amd/A0087.jpg,b_amd,b_amd,0.948311,0.051689,0.948311
b_amd/A0088.jpg,b_amd,b_amd,0.941532,0.058468,0.941532
b_amd/A0089.jpg,b_amd,b_amd,0.944428,0.055572,0.944428
b_amd/T0003.jpg,b_amd,b_amd,0.933370,0.066630,0.933370
b_amd/T0004.jpg,b_amd,b_amd,0.949263,0.050737,0.949263
b_amd/T0010.jpg,b_amd,b_amd,0.933430,0.066570,0.933430
b_amd/T0015.jpg,b_amd,b_amd,0.939425,0.060575,0.939425
b_amd/T0021.jpg,b_amd,b_amd,0.840265,0.159735,0.840265
b_amd/T0024.jpg,b_amd,b_amd,0.895948,0.104052,0.895948
b_amd/T0026.jpg,b_amd,b_amd,0.956151,0.043849,0.956151
b_amd/T0030.jpg,b_amd,b_amd,0.948252,0.051748,0.948252
b_amd/T0038.jpg,b_amd,b_amd,0.956953,0.043047,0.956953
b_amd/T0043.jpg,b_amd,b_amd,0.712384,0.287616,0.712384
b_amd/T0045.jpg,b_amd,b_amd,0.930638,0.069362,0.930638
b_amd/T0048.jpg,b_amd,b_amd,0.953592,0.046408,0.953592
b_amd/T0051.jpg,b_amd,b_amd,0.951633,0.048367,0.951633
b_amd/T0052.jpg,b_amd,b_amd,0.952062,0.047938,0.952062
b_amd/T0053.jpg,b_amd,b_amd,0.907740,0.092260,0.907740
b_amd/T0056.jpg,b_amd,b_amd,0.908300,0.091700,0.908300
b_amd/T0057.jpg,b_amd,b_amd,0.913256,0.086744,0.913256
b_amd/T0059.jpg,b_amd,a_noamd,0.832453,0.832453,0.167547
b_amd/T0071.jpg,b_amd,b_amd,0.911944,0.088056,0.911944
b_amd/T0072.jpg,b_amd,b_amd,0.959120,0.040880,0.959120
b_amd/T0073.jpg,b_amd,a_noamd,0.860970,0.860970,0.139030
b_amd/T0083.jpg,b_amd,b_amd,0.939834,0.060166,0.939834
b_amd/T0086.jpg,b_amd,b_amd,0.591875,0.408125,0.591875
b_amd/T0089.jpg,b_amd,b_amd,0.946409,0.053591,0.946409
b_amd/T0105.jpg,b_amd,b_amd,0.948719,0.051281,0.948719
b_amd/T0107.jpg,b_amd,b_amd,0.931933,0.068067,0.931933
b_amd/T0112.jpg,b_amd,b_amd,0.655257,0.344743,0.655257
b_amd/T0118.jpg,b_amd,b_amd,0.938066,0.061934,0.938066
b_amd/T0120.jpg,b_amd,b_amd,0.896957,0.103043,0.896957
b_amd/T0127.jpg,b_amd,b_amd,0.934391,0.065609,0.934391
b_amd/T0129.jpg,b_amd,b_amd,0.921835,0.078165,0.921835
b_amd/T0134.jpg,b_amd,b_amd,0.738745,0.261255,0.738745
b_amd/T0147.jpg,b_amd,b_amd,0.949865,0.050135,0.949865
b_amd/T0148.jpg,b_amd,b_amd,0.960371,0.039629,0.960371
b_amd/T0150.jpg,b_amd,b_amd,0.513074,0.486927,0.513074
b_amd/T0152.jpg,b_amd,b_amd,0.935152,0.064848,0.935152
b_amd/T0154.jpg,b_amd,b_amd,0.957882,0.042118,0.957882
b_amd/T0159.jpg,b_amd,b_amd,0.762847,0.237153,0.762847
b_amd/T0164.jpg,b_amd,b_amd,0.919846,0.080154,0.919846
b_amd/T0165.jpg,b_amd,b_amd,0.945096,0.054904,0.945096
b_amd/T0166.jpg,b_amd,b_amd,0.952937,0.047063,0.952937
b_amd/T0170.jpg,b_amd,b_amd,0.952190,0.047810,0.952190
b_amd/T0172.jpg,b_amd,b_amd,0.945441,0.054559,0.945441
b_amd/T0176.jpg,b_amd,b_amd,0.897823,0.102177,0.897823
b_amd/T0183.jpg,b_amd,b_amd,0.907477,0.092523,0.907477
b_amd/T0188.jpg,b_amd,b_amd,0.954184,0.045816,0.954184
b_amd/T0189.jpg,b_amd,b_amd,0.949291,0.050709,0.949291
b_amd/T0190.jpg,b_amd,b_amd,0.950939,0.049062,0.950939
b_amd/T0193.jpg,b_amd,b_amd,0.954813,0.045187,0.954813
b_amd/T0198.jpg,b_amd,a_noamd,0.776118,0.776118,0.223882
b_amd/T0201.jpg,b_amd,b_amd,0.953841,0.046159,0.953841
b_amd/T0209.jpg,b_amd,b_amd,0.931283,0.068717,0.931283
b_amd/T0219.jpg,b_amd,b_amd,0.931071,0.068929,0.931071
b_amd/T0226.jpg,b_amd,b_amd,0.870116,0.129884,0.870116
b_amd/T0227.jpg,b_amd,b_amd,0.953135,0.046865,0.953135
b_amd/T0237.jpg,b_amd,b_amd,0.928218,0.071782,0.928218
b_amd/T0244.jpg,b_amd,b_amd,0.948583,0.051417,0.948583
b_amd/T0245.jpg,b_amd,b_amd,0.932745,0.067255,0.932745
b_amd/T0247.jpg,b_amd,b_amd,0.953104,0.046896,0.953104
b_amd/T0252.jpg,b_amd,b_amd,0.928067,0.071933,0.928067
b_amd/T0254.jpg,b_amd,b_amd,0.965019,0.034981,0.965019
b_amd/T0255.jpg,b_amd,b_amd,0.957065,0.042935,0.957065
b_amd/T0258.jpg,b_amd,b_amd,0.956981,0.043019,0.956981
b_amd/T0261.jpg,b_amd,b_amd,0.945340,0.054660,0.945340
b_amd/T0286.jpg,b_amd,b_amd,0.943814,0.056186,0.943814
b_amd/T0291.jpg,b_amd,b_amd,0.932396,0.067604,0.932396
b_amd/T0298.jpg,b_amd,b_amd,0.937940,0.062060,0.937940
b_amd/T0301.jpg,b_amd,b_amd,0.954854,0.045146,0.954854
b_amd/T0307.jpg,b_amd,a_noamd,0.854941,0.854941,0.145059
b_amd/T0323.jpg,b_amd,b_amd,0.929464,0.070536,0.929464
b_amd/T0325.jpg,b_amd,b_amd,0.914867,0.085133,0.914867
b_amd/T0326.jpg,b_amd,b_amd,0.945361,0.054639,0.945361
b_amd/T0329.jpg,b_amd,b_amd,0.934529,0.065471,0.934529
b_amd/T0348.jpg,b_amd,b_amd,0.962234,0.037766,0.962234
b_amd/T0351.jpg,b_amd,b_amd,0.918195,0.081805,0.918195
b_amd/T0361.jpg,b_amd,b_amd,0.952516,0.047484,0.952516
b_amd/T0364.jpg,b_amd,b_amd,0.767592,0.232408,0.767592
b_amd/T0366.jpg,b_amd,b_amd,0.907375,0.092625,0.907375
b_amd/T0368.jpg,b_amd,b_amd,0.630657,0.369343,0.630657
b_amd/T0372.jpg,b_amd,b_amd,0.948460,0.051540,0.948460
b_amd/T0377.jpg,b_amd,b_amd,0.876236,0.123764,0.876236
b_amd/T0378.jpg,b_amd,b_amd,0.870209,0.129791,0.870209
b_amd/T0381.jpg,b_amd,b_amd,0.956758,0.043242,0.956758
b_amd/T0382.jpg,b_amd,a_noamd,0.799836,0.799836,0.200163
b_amd/T0386.jpg,b_amd,b_amd,0.958491,0.041509,0.958491
b_amd/T0390.jpg,b_amd,b_amd,0.934555,0.065445,0.934555
b_amd/T0392.jpg,b_amd,b_amd,0.955886,0.044114,0.955886
b_amd/T0393.jpg,b_amd,b_amd,0.717433,0.282567,0.717433
b_amd/T0394.jpg,b_amd,b_amd,0.958824,0.041176,0.958824
b_amd/V0009.jpg,b_amd,b_amd,0.930091,0.069909,0.930091
b_amd/V0013.jpg,b_amd,b_amd,0.951285,0.048715,0.951285
b_amd/V0022.jpg,b_amd,b_amd,0.887610,0.112390,0.887610
b_amd/V0030.jpg,b_amd,b_amd,0.953449,0.046551,0.953449
b_amd/V0033.jpg,b_amd,b_amd,0.906051,0.093949,0.906051
b_amd/V0034.jpg,b_amd,b_amd,0.953383,0.046617,0.953383
b_amd/V0043.jpg,b_amd,b_amd,0.577322,0.422678,0.577322
b_amd/V0048.jpg,b_amd,b_amd,0.927287,0.072713,0.927287
b_amd/V0050.jpg,b_amd,b_amd,0.947453,0.052547,0.947453
b_amd/V0051.jpg,b_amd,b_amd,0.959207,0.040793,0.959207
b_amd/V0061.jpg,b_amd,b_amd,0.903945,0.096055,0.903945
b_amd/V0063.jpg,b_amd,b_amd,0.930318,0.069682,0.930318
b_amd/V0078.jpg,b_amd,b_amd,0.934582,0.065418,0.934582
b_amd/V0080.jpg,b_amd,b_amd,0.944335,0.055665,0.944335
b_amd/V0083.jpg,b_amd,b_amd,0.952959,0.047041,0.952959
b_amd/V0085.jpg,b_amd,b_amd,0.956863,0.043137,0.956863
b_amd/V0087.jpg,b_amd,b_amd,0.956290,0.043710,0.956290
b_amd/V0089.jpg,b_amd,b_amd,0.925228,0.074771,0.925228
b_amd/V0091.jpg,b_amd,b_amd,0.965381,0.034619,0.965381
b_amd/V0093.jpg,b_amd,b_amd,0.960976,0.039024,0.960976
b_amd/V0099.jpg,b_amd,b_amd,0.937696,0.062304,0.937696
b_amd/V0103.jpg,b_amd,b_amd,0.952904,0.047096,0.952904
b_amd/V0105.jpg,b_amd,b_amd,0.952920,0.047080,0.952920
b_amd/V0106.jpg,b_amd,b_amd,0.937539,0.062461,0.937539
b_amd/V0108.jpg,b_amd,b_amd,0.917207,0.082793,0.917207
b_amd/V0111.jpg,b_amd,b_amd,0.957642,0.042358,0.957642
b_amd/V0115.jpg,b_amd,b_amd,0.950271,0.049729,0.950271
b_amd/V0117.jpg,b_amd,b_amd,0.902764,0.097236,0.902764
b_amd/V0119.jpg,b_amd,b_amd,0.944666,0.055334,0.944666
b_amd/V0125.jpg,b_amd,b_amd,0.948521,0.051479,0.948521
b_amd/V0129.jpg,b_amd,b_amd,0.951611,0.048389,0.951611
b_amd/V0133.jpg,b_amd,b_amd,0.919085,0.080915,0.919085
b_amd/V0135.jpg,b_amd,b_amd,0.947030,0.052970,0.947030
b_amd/V0141.jpg,b_amd,b_amd,0.956753,0.043247,0.956753
b_amd/V0146.jpg,b_amd,b_amd,0.805181,0.194819,0.805181
b_amd/V0147.jpg,b_amd,b_amd,0.935867,0.064133,0.935867
b_amd/V0151.jpg,b_amd,b_amd,0.894307,0.105693,0.894307
b_amd/V0152.jpg,b_amd,b_amd,0.946553,0.053447,0.946553
b_amd/V0158.jpg,b_amd,b_amd,0.940091,0.059909,0.940091
b_amd/V0159.jpg,b_amd,b_amd,0.906368,0.093632,0.906368
b_amd/V0161.jpg,b_amd,b_amd,0.941661,0.058339,0.941661
b_amd/V0170.jpg,b_amd,b_amd,0.954503,0.045497,0.954503
b_amd/V0172.jpg,b_amd,b_amd,0.934825,0.065175,0.934825
b_amd/V0173.jpg,b_amd,b_amd,0.950047,0.049953,0.950047
b_amd/V0180.jpg,b_amd,b_amd,0.948106,0.051894,0.948106
b_amd/V0182.jpg,b_amd,b_amd,0.922998,0.077002,0.922998
b_amd/V0187.jpg,b_amd,b_amd,0.962663,0.037337,0.962663
b_amd/V0188.jpg,b_amd,b_amd,0.928527,0.071473,0.928527
b_amd/V0190.jpg,b_amd,b_amd,0.955688,0.044312,0.955688
b_amd/V0196.jpg,b_amd,b_amd,0.956589,0.043411,0.956589
b_amd/V0218.jpg,b_amd,b_amd,0.940101,0.059899,0.940101
b_amd/V0227.jpg,b_amd,b_amd,0.959187,0.040813,0.959187
b_amd/V0233.jpg,b_amd,b_amd,0.514254,0.485746,0.514254
b_amd/V0237.jpg,b_amd,b_amd,0.928856,0.071143,0.928856
b_amd/V0245.jpg,b_amd,b_amd,0.943987,0.056013,0.943987
b_amd/V0248.jpg,b_amd,b_amd,0.967294,0.032706,0.967294
b_amd/V0251.jpg,b_amd,b_amd,0.950007,0.049993,0.950007
b_amd/V0258.jpg,b_amd,b_amd,0.664044,0.335956,0.664044
b_amd/V0264.jpg,b_amd,b_amd,0.931870,0.068130,0.931870
b_amd/V0267.jpg,b_amd,b_amd,0.927064,0.072936,0.927064
b_amd/V0269.jpg,b_amd,b_amd,0.951733,0.048267,0.951733
b_amd/V0281.jpg,b_amd,b_amd,0.888790,0.111210,0.888790
b_amd/V0282.jpg,b_amd,b_amd,0.604198,0.395802,0.604198
b_amd/V0284.jpg,b_amd,b_amd,0.959231,0.040769,0.959231
b_amd/V0297.jpg,b_amd,b_amd,0.943878,0.056122,0.943878
b_amd/V0319.jpg,b_amd,b_amd,0.951385,0.048615,0.951385
b_amd/V0323.jpg,b_amd,b_amd,0.950393,0.049607,0.950393
b_amd/V0326.jpg,b_amd,b_amd,0.886246,0.113754,0.886246
b_amd/V0327.jpg,b_amd,b_amd,0.539304,0.460696,0.539304
b_amd/V0330.jpg,b_amd,b_amd,0.927984,0.072016,0.927984
b_amd/V0331.jpg,b_amd,b_amd,0.953201,0.046799,0.953201
b_amd/V0334.jpg,b_amd,b_amd,0.943838,0.056162,0.943838
b_amd/V0337.jpg,b_amd,b_amd,0.953746,0.046254,0.953746
b_amd/V0344.jpg,b_amd,a_noamd,0.771125,0.771125,0.228875
b_amd/V0352.jpg,b_amd,b_amd,0.957918,0.042082,0.957918
b_amd/V0354.jpg,b_amd,b_amd,0.954374,0.045626,0.954374
b_amd/V0357.jpg,b_amd,b_amd,0.835725,0.164275,0.835725
b_amd/V0360.jpg,b_amd,b_amd,0.944951,0.055049,0.944951
b_amd/V0363.jpg,b_amd,b_amd,0.948744,0.051256,0.948744
b_amd/V0368.jpg,b_amd,b_amd,0.960549,0.039451,0.960549
b_amd/V0369.jpg,b_amd,b_amd,0.950589,0.049411,0.950589
b_amd/V0375.jpg,b_amd,a_noamd,0.919354,0.919354,0.080646
b_amd/V0379.jpg,b_amd,b_amd,0.959990,0.040010,0.959990
b_amd/V0380.jpg,b_amd,b_amd,0.946132,0.053868,0.946132
b_amd/V0388.jpg,b_amd,b_amd,0.955828,0.044172,0.955828
b_amd/V0390.jpg,b_amd,b_amd,0.955753,0.044247,0.955753
b_amd/V0392.jpg,b_amd,b_amd,0.965463,0.034537,0.965463
b_amd/V0397.jpg,b_amd,b_amd,0.949768,0.050232,0.949768
b_amd/V0399.jpg,b_amd,b_amd,0.756213,0.243787,0.756213
