image_path,true_label,predicted_label,score_a_noamd,score_b_amd
../../../data/data_ADAM/test/a_noamd/N0001.jpg,a_noamd,a_noamd,0.828588,0.171412
../../../data/data_ADAM/test/a_noamd/N0002.jpg,a_noamd,a_noamd,0.900926,0.099074
../../../data/data_ADAM/test/a_noamd/N0003.jpg,a_noamd,a_noamd,0.768966,0.231034
../../../data/data_ADAM/test/a_noamd/N0004.jpg,a_noamd,a_noamd,0.785510,0.214490
../../../data/data_ADAM/test/a_noamd/N0005.jpg,a_noamd,a_noamd,0.693691,0.306309
../../../data/data_ADAM/test/a_noamd/N0006.jpg,a_noamd,a_noamd,0.856235,0.143765
../../../data/data_ADAM/test/a_noamd/N0007.jpg,a_noamd,a_noamd,0.948769,0.051231
../../../data/data_ADAM/test/a_noamd/N0008.jpg,a_noamd,a_noamd,0.939496,0.060504
../../../data/data_ADAM/test/a_noamd/N0009.jpg,a_noamd,a_noamd,0.814383,0.185617
../../../data/data_ADAM/test/a_noamd/N0010.jpg,a_noamd,a_noamd,0.694253,0.305747
../../../data/data_ADAM/test/a_noamd/N0011.jpg,a_noamd,a_noamd,0.701656,0.298344
../../../data/data_ADAM/test/a_noamd/N0012.jpg,a_noamd,a_noamd,0.946197,0.053803
../../../data/data_ADAM/test/a_noamd/N0013.jpg,a_noamd,a_noamd,0.929905,0.070095
../../../data/data_ADAM/test/a_noamd/N0014.jpg,a_noamd,a_noamd,0.909228,0.090772
../../../data/data_ADAM/test/a_noamd/N0015.jpg,a_noamd,a_noamd,0.839458,0.160542
../../../data/data_ADAM/test/a_noamd/N0016.jpg,a_noamd,a_noamd,0.779189,0.220811
../../../data/data_ADAM/test/a_noamd/N0017.jpg,a_noamd,a_noamd,0.923789,0.076211
../../../data/data_ADAM/test/a_noamd/N0018.jpg,a_noamd,a_noamd,0.909940,0.090060
../../../data/data_ADAM/test/a_noamd/N0019.jpg,a_noamd,a_noamd,0.892142,0.107857
../../../data/data_ADAM/test/a_noamd/N0020.jpg,a_noamd,a_noamd,0.837247,0.162753
../../../data/data_ADAM/test/a_noamd/N0021.jpg,a_noamd,a_noamd,0.844259,0.155741
../../../data/data_ADAM/test/a_noamd/N0022.jpg,a_noamd,a_noamd,0.769001,0.230999
../../../data/data_ADAM/test/a_noamd/N0023.jpg,a_noamd,b_amd,0.288222,0.711778
../../../data/data_ADAM/test/a_noamd/N0024.jpg,a_noamd,b_amd,0.308950,0.691050
../../../data/data_ADAM/test/a_noamd/N0025.jpg,a_noamd,a_noamd,0.930004,0.069996
../../../data/data_ADAM/test/a_noamd/N0026.jpg,a_noamd,a_noamd,0.933114,0.066886
../../../data/data_ADAM/test/a_noamd/N0027.jpg,a_noamd,a_noamd,0.918265,0.081735
../../../data/data_ADAM/test/a_noamd/N0028.jpg,a_noamd,a_noamd,0.741556,0.258444
../../../data/data_ADAM/test/a_noamd/N0029.jpg,a_noamd,a_noamd,0.880286,0.119714
../../../data/data_ADAM/test/a_noamd/N0030.jpg,a_noamd,a_noamd,0.774477,0.225523
../../../data/data_ADAM/test/a_noamd/N0031.jpg,a_noamd,a_noamd,0.926879,0.073121
../../../data/data_ADAM/test/a_noamd/N0032.jpg,a_noamd,a_noamd,0.908777,0.091223
../../../data/data_ADAM/test/a_noamd/N0033.jpg,a_noamd,a_noamd,0.887436,0.112564
../../../data/data_ADAM/test/a_noamd/N0034.jpg,a_noamd,a_noamd,0.839977,0.160023
../../../data/data_ADAM/test/a_noamd/N0035.jpg,a_noamd,a_noamd,0.765455,0.234545
../../../data/data_ADAM/test/a_noamd/N0036.jpg,a_noamd,a_noamd,0.566850,0.433150
../../../data/data_ADAM/test/a_noamd/N0037.jpg,a_noamd,a_noamd,0.921345,0.078655
../../../data/data_ADAM/test/a_noamd/N0038.jpg,a_noamd,a_noamd,0.892236,0.107764
../../../data/data_ADAM/test/a_noamd/N0039.jpg,a_noamd,a_noamd,0.562170,0.437830
../../../data/data_ADAM/test/a_noamd/N0040.jpg,a_noamd,b_amd,0.317365,0.682635
../../../data/data_ADAM/test/a_noamd/N0041.jpg,a_noamd,b_amd,0.228655,0.771345
../../../data/data_ADAM/test/a_noamd/N0042.jpg,a_noamd,b_amd,0.148443,0.851557
../../../data/data_ADAM/test/a_noamd/N0043.jpg,a_noamd,b_amd,0.204024,0.795976
../../../data/data_ADAM/test/a_noamd/N0044.jpg,a_noamd,a_noamd,0.830435,0.169565
../../../data/data_ADAM/test/a_noamd/N0045.jpg,a_noamd,a_noamd,0.869390,0.130610
../../../data/data_ADAM/test/a_noamd/N0046.jpg,a_noamd,a_noamd,0.948470,0.051530
../../../data/data_ADAM/test/a_noamd/N0047.jpg,a_noamd,a_noamd,0.611871,0.388129
../../../data/data_ADAM/test/a_noamd/N0048.jpg,a_noamd,a_noamd,0.908959,0.091041
../../../data/data_ADAM/test/a_noamd/N0049.jpg,a_noamd,a_noamd,0.913018,0.086982
../../../data/data_ADAM/test/a_noamd/N0050.jpg,a_noamd,a_noamd,0.890480,0.109520
../../../data/data_ADAM/test/a_noamd/N0051.jpg,a_noamd,a_noamd,0.910092,0.089908
../../../data/data_ADAM/test/a_noamd/N0052.jpg,a_noamd,a_noamd,0.593723,0.406277
../../../data/data_ADAM/test/a_noamd/N0053.jpg,a_noamd,a_noamd,0.542981,0.457019
../../../data/data_ADAM/test/a_noamd/N0054.jpg,a_noamd,a_noamd,0.801561,0.198439
../../../data/data_ADAM/test/a_noamd/N0055.jpg,a_noamd,a_noamd,0.895244,0.104756
../../../data/data_ADAM/test/a_noamd/N0056.jpg,a_noamd,a_noamd,0.664389,0.335611
../../../data/data_ADAM/test/a_noamd/N0057.jpg,a_noamd,a_noamd,0.886828,0.113172
../../../data/data_ADAM/test/a_noamd/N0058.jpg,a_noamd,a_noamd,0.866572,0.133428
../../../data/data_ADAM/test/a_noamd/N0059.jpg,a_noamd,a_noamd,0.822506,0.177494
../../../data/data_ADAM/test/a_noamd/N0060.jpg,a_noamd,a_noamd,0.933758,0.066241
../../../data/data_ADAM/test/a_noamd/N0061.jpg,a_noamd,a_noamd,0.928560,0.071440
../../../data/data_ADAM/test/a_noamd/N0062.jpg,a_noamd,a_noamd,0.934939,0.065061
../../../data/data_ADAM/test/a_noamd/N0063.jpg,a_noamd,a_noamd,0.924667,0.075333
../../../data/data_ADAM/test/a_noamd/N0064.jpg,a_noamd,a_noamd,0.948436,0.051564
../../../data/data_ADAM/test/a_noamd/N0065.jpg,a_noamd,a_noamd,0.902477,0.097523
../../../data/data_ADAM/test/a_noamd/N0066.jpg,a_noamd,b_amd,0.101044,0.898956
../../../data/data_ADAM/test/a_noamd/N0067.jpg,a_noamd,b_amd,0.105913,0.894087
../../../data/data_ADAM/test/a_noamd/N0068.jpg,a_noamd,a_noamd,0.897414,0.102587
../../../data/data_ADAM/test/a_noamd/N0069.jpg,a_noamd,a_noamd,0.937122,0.062878
../../../data/data_ADAM/test/a_noamd/N0070.jpg,a_noamd,a_noamd,0.891745,0.108255
../../../data/data_ADAM/test/a_noamd/N0071.jpg,a_noamd,a_noamd,0.928602,0.071398
../../../data/data_ADAM/test/a_noamd/N0072.jpg,a_noamd,a_noamd,0.950594,0.049406
../../../data/data_ADAM/test/a_noamd/N0073.jpg,a_noamd,a_noamd,0.942729,0.057271
../../../data/data_ADAM/test/a_noamd/N0074.jpg,a_noamd,a_noamd,0.942436,0.057564
../../../data/data_ADAM/test/a_noamd/N0075.jpg,a_noamd,a_noamd,0.893117,0.106883
../../../data/data_ADAM/test/a_noamd/N0076.jpg,a_noamd,a_noamd,0.921249,0.078751
../../../data/data_ADAM/test/a_noamd/N0077.jpg,a_noamd,a_noamd,0.869879,0.130121
../../../data/data_ADAM/test/a_noamd/N0078.jpg,a_noamd,a_noamd,0.900390,0.099610
../../../data/data_ADAM/test/a_noamd/N0079.jpg,a_noamd,a_noamd,0.852491,0.147509
../../../data/data_ADAM/test/a_noamd/N0080.jpg,a_noamd,a_noamd,0.831104,0.168896
../../../data/data_ADAM/test/a_noamd/N0081.jpg,a_noamd,a_noamd,0.909122,0.090878
../../../data/data_ADAM/test/a_noamd/N0082.jpg,a_noamd,a_noamd,0.890533,0.109467
../../../data/data_ADAM/test/a_noamd/N0083.jpg,a_noamd,a_noamd,0.895201,0.104799
../../../data/data_ADAM/test/a_noamd/N0084.jpg,a_noamd,a_noamd,0.793757,0.206243
../../../data/data_ADAM/test/a_noamd/N0085.jpg,a_noamd,a_noamd,0.612354,0.387646
../../../data/data_ADAM/test/a_noamd/N0086.jpg,a_noamd,a_noamd,0.530008,0.469992
../../../data/data_ADAM/test/a_noamd/N0087.jpg,a_noamd,a_noamd,0.752756,0.247244
../../../data/data_ADAM/test/a_noamd/N0088.jpg,a_noamd,a_noamd,0.740104,0.259896
../../../data/data_ADAM/test/a_noamd/N0089.jpg,a_noamd,a_noamd,0.918952,0.081048
../../../data/data_ADAM/test/a_noamd/N0090.jpg,a_noamd,a_noamd,0.923849,0.076152
../../../data/data_ADAM/test/a_noamd/N0091.jpg,a_noamd,a_noamd,0.939164,0.060836
../../../data/data_ADAM/test/a_noamd/N0092.jpg,a_noamd,a_noamd,0.909370,0.090630
../../../data/data_ADAM/test/a_noamd/N0093.jpg,a_noamd,a_noamd,0.919848,0.080152
../../../data/data_ADAM/test/a_noamd/N0094.jpg,a_noamd,a_noamd,0.896742,0.103258
../../../data/data_ADAM/test/a_noamd/N0095.jpg,a_noamd,a_noamd,0.931657,0.068343
../../../data/data_ADAM/test/a_noamd/N0096.jpg,a_noamd,a_noamd,0.879771,0.120229
../../../data/data_ADAM/test/a_noamd/N0097.jpg,a_noamd,b_amd,0.495391,0.504609
../../../data/data_ADAM/test/a_noamd/N0098.jpg,a_noamd,b_amd,0.228866,0.771134
../../../data/data_ADAM/test/a_noamd/N0099.jpg,a_noamd,a_noamd,0.729922,0.270078
../../../data/data_ADAM/test/a_noamd/N0100.jpg,a_noamd,b_amd,0.297125,0.702875
../../../data/data_ADAM/test/a_noamd/N0101.jpg,a_noamd,b_amd,0.352733,0.647267
../../../data/data_ADAM/test/a_noamd/N0102.jpg,a_noamd,a_noamd,0.897154,0.102846
../../../data/data_ADAM/test/a_noamd/N0103.jpg,a_noamd,a_noamd,0.909167,0.090833
../../../data/data_ADAM/test/a_noamd/N0104.jpg,a_noamd,a_noamd,0.915438,0.084562
../../../data/data_ADAM/test/a_noamd/N0105.jpg,a_noamd,a_noamd,0.896218,0.103782
../../../data/data_ADAM/test/a_noamd/N0106.jpg,a_noamd,a_noamd,0.623232,0.376768
../../../data/data_ADAM/test/a_noamd/N0107.jpg,a_noamd,a_noamd,0.816978,0.183022
../../../data/data_ADAM/test/a_noamd/N0108.jpg,a_noamd,a_noamd,0.762893,0.237107
../../../data/data_ADAM/test/a_noamd/N0109.jpg,a_noamd,a_noamd,0.842533,0.157467
../../../data/data_ADAM/test/a_noamd/N0110.jpg,a_noamd,a_noamd,0.883049,0.116951
../../../data/data_ADAM/test/a_noamd/N0111.jpg,a_noamd,a_noamd,0.924000,0.076000
../../../data/data_ADAM/test/a_noamd/N0112.jpg,a_noamd,a_noamd,0.874459,0.125541
../../../data/data_ADAM/test/a_noamd/N0113.jpg,a_noamd,a_noamd,0.908264,0.091736
../../../data/data_ADAM/test/a_noamd/N0114.jpg,a_noamd,a_noamd,0.557780,0.442220
../../../data/data_ADAM/test/a_noamd/N0115.jpg,a_noamd,a_noamd,0.515776,0.484225
../../../data/data_ADAM/test/a_noamd/N0116.jpg,a_noamd,a_noamd,0.915333,0.084667
../../../data/data_ADAM/test/a_noamd/N0117.jpg,a_noamd,a_noamd,0.937726,0.062274
../../../data/data_ADAM/test/a_noamd/N0118.jpg,a_noamd,a_noamd,0.818052,0.181948
../../../data/data_ADAM/test/a_noamd/N0119.jpg,a_noamd,a_noamd,0.933315,0.066685
../../../data/data_ADAM/test/a_noamd/N0120.jpg,a_noamd,a_noamd,0.793865,0.206135
../../../data/data_ADAM/test/a_noamd/N0121.jpg,a_noamd,a_noamd,0.753307,0.246693
../../../data/data_ADAM/test/a_noamd/N0122.jpg,a_noamd,a_noamd,0.536444,0.463556
../../../data/data_ADAM/test/a_noamd/N0123.jpg,a_noamd,a_noamd,0.817856,0.182144
../../../data/data_ADAM/test/a_noamd/N0124.jpg,a_noamd,a_noamd,0.662380,0.337620
../../../data/data_ADAM/test/a_noamd/N0125.jpg,a_noamd,a_noamd,0.557245,0.442755
../../../data/data_ADAM/test/a_noamd/N0126.jpg,a_noamd,a_noamd,0.624084,0.375916
../../../data/data_ADAM/test/a_noamd/N0127.jpg,a_noamd,b_amd,0.459177,0.540823
../../../data/data_ADAM/test/a_noamd/N0128.jpg,a_noamd,b_amd,0.457224,0.542776
../../../data/data_ADAM/test/a_noamd/N0129.jpg,a_noamd,a_noamd,0.658160,0.341840
../../../data/data_ADAM/test/a_noamd/N0130.jpg,a_noamd,a_noamd,0.788819,0.211181
../../../data/data_ADAM/test/a_noamd/N0131.jpg,a_noamd,a_noamd,0.667679,0.332321
../../../data/data_ADAM/test/a_noamd/N0132.jpg,a_noamd,a_noamd,0.852511,0.147490
../../../data/data_ADAM/test/a_noamd/N0133.jpg,a_noamd,a_noamd,0.780642,0.219358
../../../data/data_ADAM/test/a_noamd/N0134.jpg,a_noamd,a_noamd,0.698200,0.301800
../../../data/data_ADAM/test/a_noamd/N0135.jpg,a_noamd,a_noamd,0.833289,0.166711
../../../data/data_ADAM/test/a_noamd/N0136.jpg,a_noamd,a_noamd,0.939919,0.060081
../../../data/data_ADAM/test/a_noamd/N0137.jpg,a_noamd,a_noamd,0.909642,0.090358
../../../data/data_ADAM/test/a_noamd/N0138.jpg,a_noamd,a_noamd,0.842021,0.157979
../../../data/data_ADAM/test/a_noamd/N0139.jpg,a_noamd,a_noamd,0.896465,0.103535
../../../data/data_ADAM/test/a_noamd/N0140.jpg,a_noamd,a_noamd,0.820025,0.179975
../../../data/data_ADAM/test/a_noamd/N0141.jpg,a_noamd,a_noamd,0.847784,0.152216
../../../data/data_ADAM/test/a_noamd/N0142.jpg,a_noamd,a_noamd,0.952183,0.047816
../../../data/data_ADAM/test/a_noamd/N0143.jpg,a_noamd,a_noamd,0.916956,0.083044
../../../data/data_ADAM/test/a_noamd/N0144.jpg,a_noamd,a_noamd,0.872486,0.127514
../../../data/data_ADAM/test/a_noamd/N0145.jpg,a_noamd,a_noamd,0.659808,0.340192
../../../data/data_ADAM/test/a_noamd/N0146.jpg,a_noamd,a_noamd,0.949960,0.050040
../../../data/data_ADAM/test/a_noamd/N0147.jpg,a_noamd,a_noamd,0.952183,0.047816
../../../data/data_ADAM/test/a_noamd/N0148.jpg,a_noamd,a_noamd,0.916956,0.083044
../../../data/data_ADAM/test/a_noamd/N0149.jpg,a_noamd,a_noamd,0.872486,0.127514
../../../data/data_ADAM/test/a_noamd/N0150.jpg,a_noamd,a_noamd,0.726673,0.273327
../../../data/data_ADAM/test/a_noamd/N0151.jpg,a_noamd,a_noamd,0.620474,0.379526
../../../data/data_ADAM/test/a_noamd/N0152.jpg,a_noamd,a_noamd,0.700338,0.299662
../../../data/data_ADAM/test/a_noamd/N0153.jpg,a_noamd,a_noamd,0.687347,0.312653
../../../data/data_ADAM/test/a_noamd/N0154.jpg,a_noamd,a_noamd,0.810206,0.189794
../../../data/data_ADAM/test/a_noamd/N0155.jpg,a_noamd,a_noamd,0.833286,0.166714
../../../data/data_ADAM/test/a_noamd/N0156.jpg,a_noamd,a_noamd,0.920464,0.079536
../../../data/data_ADAM/test/a_noamd/N0157.jpg,a_noamd,a_noamd,0.941667,0.058333
../../../data/data_ADAM/test/a_noamd/N0158.jpg,a_noamd,a_noamd,0.918546,0.081454
../../../data/data_ADAM/test/a_noamd/N0159.jpg,a_noamd,a_noamd,0.899425,0.100575
../../../data/data_ADAM/test/a_noamd/N0160.jpg,a_noamd,a_noamd,0.910816,0.089184
../../../data/data_ADAM/test/a_noamd/N0161.jpg,a_noamd,a_noamd,0.889736,0.110264
../../../data/data_ADAM/test/a_noamd/N0162.jpg,a_noamd,b_amd,0.267627,0.732373
../../../data/data_ADAM/test/a_noamd/N0163.jpg,a_noamd,b_amd,0.272935,0.727065
../../../data/data_ADAM/test/a_noamd/N0164.jpg,a_noamd,a_noamd,0.916998,0.083002
../../../data/data_ADAM/test/a_noamd/N0165.jpg,a_noamd,a_noamd,0.894322,0.105678
../../../data/data_ADAM/test/a_noamd/N0166.jpg,a_noamd,a_noamd,0.882048,0.117952
../../../data/data_ADAM/test/a_noamd/N0167.jpg,a_noamd,b_amd,0.171493,0.828507
../../../data/data_ADAM/test/a_noamd/N0168.jpg,a_noamd,a_noamd,0.812712,0.187288
../../../data/data_ADAM/test/a_noamd/N0169.jpg,a_noamd,b_amd,0.351021,0.648979
../../../data/data_ADAM/test/a_noamd/N0170.jpg,a_noamd,a_noamd,0.780860,0.219140
../../../data/data_ADAM/test/a_noamd/N0171.jpg,a_noamd,a_noamd,0.907932,0.092068
../../../data/data_ADAM/test/a_noamd/N0172.jpg,a_noamd,a_noamd,0.845484,0.154516
../../../data/data_ADAM/test/a_noamd/N0173.jpg,a_noamd,b_amd,0.432946,0.567054
../../../data/data_ADAM/test/a_noamd/N0174.jpg,a_noamd,a_noamd,0.827911,0.172089
../../../data/data_ADAM/test/a_noamd/N0175.jpg,a_noamd,a_noamd,0.733282,0.266718
../../../data/data_ADAM/test/a_noamd/N0176.jpg,a_noamd,a_noamd,0.588862,0.411138
../../../data/data_ADAM/test/a_noamd/N0177.jpg,a_noamd,a_noamd,0.805235,0.194765
../../../data/data_ADAM/test/a_noamd/N0178.jpg,a_noamd,a_noamd,0.826571,0.173429
../../../data/data_ADAM/test/a_noamd/N0179.jpg,a_noamd,a_noamd,0.710408,0.289592
../../../data/data_ADAM/test/a_noamd/N0180.jpg,a_noamd,b_amd,0.089849,0.910151
../../../data/data_ADAM/test/a_noamd/N0181.jpg,a_noamd,b_amd,0.100102,0.899898
../../../data/data_ADAM/test/a_noamd/N0182.jpg,a_noamd,a_noamd,0.927415,0.072585
../../../data/data_ADAM/test/a_noamd/N0183.jpg,a_noamd,a_noamd,0.930103,0.069897
../../../data/data_ADAM/test/a_noamd/N0184.jpg,a_noamd,a_noamd,0.899000,0.101000
../../../data/data_ADAM/test/a_noamd/N0185.jpg,a_noamd,a_noamd,0.879194,0.120806
../../../data/data_ADAM/test/a_noamd/N0186.jpg,a_noamd,a_noamd,0.905012,0.094988
../../../data/data_ADAM/test/a_noamd/N0187.jpg,a_noamd,b_amd,0.460301,0.539699
../../../data/data_ADAM/test/a_noamd/N0188.jpg,a_noamd,a_noamd,0.800734,0.199266
../../../data/data_ADAM/test/a_noamd/N0189.jpg,a_noamd,b_amd,0.278316,0.721684
../../../data/data_ADAM/test/a_noamd/N0190.jpg,a_noamd,b_amd,0.362355,0.637645
../../../data/data_ADAM/test/a_noamd/N0191.jpg,a_noamd,b_amd,0.382378,0.617622
../../../data/data_ADAM/test/a_noamd/N0192.jpg,a_noamd,b_amd,0.165364,0.834636
../../../data/data_ADAM/test/a_noamd/N0193.jpg,a_noamd,b_amd,0.192789,0.807211
../../../data/data_ADAM/test/a_noamd/N0194.jpg,a_noamd,b_amd,0.463922,0.536078
../../../data/data_ADAM/test/a_noamd/N0195.jpg,a_noamd,b_amd,0.311078,0.688922
../../../data/data_ADAM/test/a_noamd/N0196.jpg,a_noamd,a_noamd,0.930600,0.069400
../../../data/data_ADAM/test/a_noamd/N0197.jpg,a_noamd,a_noamd,0.904692,0.095308
../../../data/data_ADAM/test/a_noamd/N0198.jpg,a_noamd,a_noamd,0.886784,0.113216
../../../data/data_ADAM/test/a_noamd/N0199.jpg,a_noamd,a_noamd,0.929646,0.070354
../../../data/data_ADAM/test/a_noamd/N0200.jpg,a_noamd,b_amd,0.100065,0.899935
../../../data/data_ADAM/test/a_noamd/N0201.jpg,a_noamd,b_amd,0.209479,0.790521
../../../data/data_ADAM/test/a_noamd/N0202.jpg,a_noamd,a_noamd,0.500283,0.499717
../../../data/data_ADAM/test/a_noamd/N0203.jpg,a_noamd,a_noamd,0.808880,0.191120
../../../data/data_ADAM/test/a_noamd/N0204.jpg,a_noamd,a_noamd,0.929677,0.070323
../../../data/data_ADAM/test/a_noamd/N0205.jpg,a_noamd,a_noamd,0.914747,0.085253
../../../data/data_ADAM/test/a_noamd/N0206.jpg,a_noamd,a_noamd,0.829710,0.170290
../../../data/data_ADAM/test/a_noamd/N0207.jpg,a_noamd,a_noamd,0.880231,0.119769
../../../data/data_ADAM/test/a_noamd/N0208.jpg,a_noamd,a_noamd,0.789515,0.210485
../../../data/data_ADAM/test/a_noamd/N0209.jpg,a_noamd,a_noamd,0.913184,0.086816
../../../data/data_ADAM/test/a_noamd/N0210.jpg,a_noamd,a_noamd,0.873165,0.126835
../../../data/data_ADAM/test/a_noamd/N0211.jpg,a_noamd,a_noamd,0.821321,0.178679
../../../data/data_ADAM/test/a_noamd/N0212.jpg,a_noamd,a_noamd,0.783665,0.216335
../../../data/data_ADAM/test/a_noamd/N0213.jpg,a_noamd,a_noamd,0.893951,0.106049
../../../data/data_ADAM/test/a_noamd/N0214.jpg,a_noamd,a_noamd,0.718604,0.281396
../../../data/data_ADAM/test/a_noamd/N0215.jpg,a_noamd,a_noamd,0.882910,0.117090
../../../data/data_ADAM/test/a_noamd/N0216.jpg,a_noamd,a_noamd,0.867630,0.132370
../../../data/data_ADAM/test/a_noamd/N0217.jpg,a_noamd,a_noamd,0.912198,0.087802
../../../data/data_ADAM/test/a_noamd/N0218.jpg,a_noamd,a_noamd,0.908041,0.091959
../../../data/data_ADAM/test/a_noamd/N0219.jpg,a_noamd,a_noamd,0.738147,0.261853
../../../data/data_ADAM/test/a_noamd/N0220.jpg,a_noamd,a_noamd,0.826771,0.173229
../../../data/data_ADAM/test/a_noamd/N0221.jpg,a_noamd,a_noamd,0.819719,0.180281
../../../data/data_ADAM/test/a_noamd/N0222.jpg,a_noamd,a_noamd,0.751060,0.248940
../../../data/data_ADAM/test/a_noamd/N0223.jpg,a_noamd,a_noamd,0.933024,0.066976
../../../data/data_ADAM/test/a_noamd/N0224.jpg,a_noamd,a_noamd,0.899890,0.100110
../../../data/data_ADAM/test/a_noamd/N0225.jpg,a_noamd,a_noamd,0.932264,0.067736
../../../data/data_ADAM/test/a_noamd/N0226.jpg,a_noamd,a_noamd,0.945215,0.054785
../../../data/data_ADAM/test/a_noamd/N0227.jpg,a_noamd,a_noamd,0.618450,0.381550
../../../data/data_ADAM/test/a_noamd/N0228.jpg,a_noamd,a_noamd,0.569777,0.430223
../../../data/data_ADAM/test/a_noamd/N0229.jpg,a_noamd,b_amd,0.444694,0.555306
../../../data/data_ADAM/test/a_noamd/N0230.jpg,a_noamd,a_noamd,0.590597,0.409403
../../../data/data_ADAM/test/a_noamd/N0231.jpg,a_noamd,a_noamd,0.687708,0.312292
../../../data/data_ADAM/test/a_noamd/N0232.jpg,a_noamd,a_noamd,0.660758,0.339242
../../../data/data_ADAM/test/a_noamd/N0233.jpg,a_noamd,a_noamd,0.814232,0.185768
../../../data/data_ADAM/test/a_noamd/N0234.jpg,a_noamd,a_noamd,0.880679,0.119321
../../../data/data_ADAM/test/a_noamd/N0235.jpg,a_noamd,a_noamd,0.919137,0.080863
../../../data/data_ADAM/test/a_noamd/N0236.jpg,a_noamd,a_noamd,0.886489,0.113511
../../../data/data_ADAM/test/a_noamd/N0237.jpg,a_noamd,a_noamd,0.539568,0.460432
../../../data/data_ADAM/test/a_noamd/N0238.jpg,a_noamd,b_amd,0.223933,0.776067
../../../data/data_ADAM/test/a_noamd/N0239.jpg,a_noamd,a_noamd,0.732947,0.267053
../../../data/data_ADAM/test/a_noamd/N0240.jpg,a_noamd,a_noamd,0.596643,0.403356
../../../data/data_ADAM/test/a_noamd/N0241.jpg,a_noamd,a_noamd,0.794299,0.205701
../../../data/data_ADAM/test/a_noamd/N0242.jpg,a_noamd,a_noamd,0.690038,0.309962
../../../data/data_ADAM/test/a_noamd/N0243.jpg,a_noamd,a_noamd,0.555756,0.444244
../../../data/data_ADAM/test/a_noamd/N0244.jpg,a_noamd,b_amd,0.174362,0.825638
../../../data/data_ADAM/test/a_noamd/N0245.jpg,a_noamd,a_noamd,0.940196,0.059804
../../../data/data_ADAM/test/a_noamd/N0246.jpg,a_noamd,a_noamd,0.938019,0.061981
../../../data/data_ADAM/test/a_noamd/N0247.jpg,a_noamd,a_noamd,0.929055,0.070945
../../../data/data_ADAM/test/a_noamd/N0248.jpg,a_noamd,a_noamd,0.869023,0.130977
../../../data/data_ADAM/test/a_noamd/N0249.jpg,a_noamd,a_noamd,0.821395,0.178605
../../../data/data_ADAM/test/a_noamd/N0250.jpg,a_noamd,a_noamd,0.729303,0.270697
../../../data/data_ADAM/test/a_noamd/N0251.jpg,a_noamd,b_amd,0.448729,0.551271
../../../data/data_ADAM/test/a_noamd/N0252.jpg,a_noamd,b_amd,0.485917,0.514083
../../../data/data_ADAM/test/a_noamd/N0253.jpg,a_noamd,b_amd,0.327045,0.672955
../../../data/data_ADAM/test/a_noamd/N0254.jpg,a_noamd,b_amd,0.389025,0.610975
../../../data/data_ADAM/test/a_noamd/N0255.jpg,a_noamd,b_amd,0.228131,0.771869
../../../data/data_ADAM/test/a_noamd/N0256.jpg,a_noamd,a_noamd,0.907839,0.092161
../../../data/data_ADAM/test/a_noamd/N0257.jpg,a_noamd,a_noamd,0.688731,0.311268
../../../data/data_ADAM/test/a_noamd/N0258.jpg,a_noamd,a_noamd,0.900522,0.099478
../../../data/data_ADAM/test/a_noamd/N0259.jpg,a_noamd,a_noamd,0.857643,0.142357
../../../data/data_ADAM/test/a_noamd/N0260.jpg,a_noamd,a_noamd,0.830293,0.169707
../../../data/data_ADAM/test/a_noamd/N0261.jpg,a_noamd,a_noamd,0.737913,0.262087
../../../data/data_ADAM/test/a_noamd/N0262.jpg,a_noamd,a_noamd,0.921655,0.078345
../../../data/data_ADAM/test/a_noamd/N0263.jpg,a_noamd,a_noamd,0.870041,0.129959
../../../data/data_ADAM/test/a_noamd/N0264.jpg,a_noamd,a_noamd,0.896839,0.103161
../../../data/data_ADAM/test/a_noamd/N0265.jpg,a_noamd,a_noamd,0.725171,0.274829
../../../data/data_ADAM/test/a_noamd/N0266.jpg,a_noamd,a_noamd,0.729361,0.270639
../../../data/data_ADAM/test/a_noamd/N0267.jpg,a_noamd,a_noamd,0.660333,0.339667
../../../data/data_ADAM/test/a_noamd/N0268.jpg,a_noamd,b_amd,0.364162,0.635838
../../../data/data_ADAM/test/a_noamd/N0269.jpg,a_noamd,b_amd,0.412949,0.587051
../../../data/data_ADAM/test/a_noamd/N0270.jpg,a_noamd,a_noamd,0.774317,0.225683
../../../data/data_ADAM/test/a_noamd/N0271.jpg,a_noamd,a_noamd,0.798627,0.201373
../../../data/data_ADAM/test/a_noamd/N0272.jpg,a_noamd,a_noamd,0.755642,0.244358
../../../data/data_ADAM/test/a_noamd/N0273.jpg,a_noamd,a_noamd,0.856566,0.143434
../../../data/data_ADAM/test/a_noamd/N0274.jpg,a_noamd,a_noamd,0.852441,0.147559
../../../data/data_ADAM/test/a_noamd/N0275.jpg,a_noamd,a_noamd,0.807559,0.192441
../../../data/data_ADAM/test/a_noamd/N0276.jpg,a_noamd,a_noamd,0.742122,0.257877
../../../data/data_ADAM/test/a_noamd/N0277.jpg,a_noamd,b_amd,0.221218,0.778782
../../../data/data_ADAM/test/a_noamd/N0278.jpg,a_noamd,b_amd,0.338238,0.661762
../../../data/data_ADAM/test/a_noamd/N0279.jpg,a_noamd,a_noamd,0.752936,0.247064
../../../data/data_ADAM/test/a_noamd/N0280.jpg,a_noamd,a_noamd,0.790653,0.209347
../../../data/data_ADAM/test/a_noamd/N0281.jpg,a_noamd,a_noamd,0.694159,0.305841
../../../data/data_ADAM/test/a_noamd/N0282.jpg,a_noamd,a_noamd,0.909062,0.090938
../../../data/data_ADAM/test/a_noamd/N0283.jpg,a_noamd,a_noamd,0.878920,0.121080
../../../data/data_ADAM/test/a_noamd/N0284.jpg,a_noamd,a_noamd,0.909089,0.090911
../../../data/data_ADAM/test/a_noamd/N0285.jpg,a_noamd,a_noamd,0.874650,0.125350
../../../data/data_ADAM/test/a_noamd/N0286.jpg,a_noamd,a_noamd,0.837878,0.162122
../../../data/data_ADAM/test/a_noamd/N0287.jpg,a_noamd,a_noamd,0.770621,0.229379
../../../data/data_ADAM/test/a_noamd/N0288.jpg,a_noamd,a_noamd,0.671106,0.328894
../../../data/data_ADAM/test/a_noamd/N0289.jpg,a_noamd,a_noamd,0.703114,0.296886
../../../data/data_ADAM/test/a_noamd/N0290.jpg,a_noamd,a_noamd,0.923047,0.076953
../../../data/data_ADAM/test/a_noamd/N0291.jpg,a_noamd,a_noamd,0.874991,0.125009
../../../data/data_ADAM/test/a_noamd/N0292.jpg,a_noamd,a_noamd,0.750682,0.249318
../../../data/data_ADAM/test/a_noamd/N0293.jpg,a_noamd,b_amd,0.262629,0.737371
../../../data/data_ADAM/test/a_noamd/N0294.jpg,a_noamd,a_noamd,0.919256,0.080744
../../../data/data_ADAM/test/a_noamd/N0295.jpg,a_noamd,a_noamd,0.860024,0.139976
../../../data/data_ADAM/test/a_noamd/N0296.jpg,a_noamd,a_noamd,0.933588,0.066412
../../../data/data_ADAM/test/a_noamd/N0297.jpg,a_noamd,a_noamd,0.874750,0.125250
../../../data/data_ADAM/test/a_noamd/N0298.jpg,a_noamd,a_noamd,0.921184,0.078816
../../../data/data_ADAM/test/a_noamd/N0299.jpg,a_noamd,a_noamd,0.867079,0.132921
../../../data/data_ADAM/test/a_noamd/N0300.jpg,a_noamd,a_noamd,0.647456,0.352544
../../../data/data_ADAM/test/a_noamd/N0301.jpg,a_noamd,a_noamd,0.892799,0.107201
../../../data/data_ADAM/test/a_noamd/N0302.jpg,a_noamd,a_noamd,0.865936,0.134064
../../../data/data_ADAM/test/a_noamd/N0303.jpg,a_noamd,a_noamd,0.782208,0.217792
../../../data/data_ADAM/test/a_noamd/N0304.jpg,a_noamd,b_amd,0.151635,0.848365
../../../data/data_ADAM/test/a_noamd/N0305.jpg,a_noamd,a_noamd,0.902198,0.097802
../../../data/data_ADAM/test/a_noamd/N0306.jpg,a_noamd,a_noamd,0.912313,0.087687
../../../data/data_ADAM/test/a_noamd/N0307.jpg,a_noamd,a_noamd,0.890746,0.109254
../../../data/data_ADAM/test/a_noamd/N0308.jpg,a_noamd,a_noamd,0.858592,0.141408
../../../data/data_ADAM/test/a_noamd/N0309.jpg,a_noamd,a_noamd,0.872968,0.127032
../../../data/data_ADAM/test/a_noamd/N0310.jpg,a_noamd,a_noamd,0.927984,0.072016
../../../data/data_ADAM/test/a_noamd/N0311.jpg,a_noamd,a_noamd,0.776413,0.223587
../../../data/data_ADAM/test/a_noamd/T0001.jpg,a_noamd,a_noamd,0.866169,0.133831
../../../data/data_ADAM/test/a_noamd/T0002.jpg,a_noamd,a_noamd,0.922545,0.077456
../../../data/data_ADAM/test/a_noamd/T0005.jpg,a_noamd,a_noamd,0.843219,0.156781
../../../data/data_ADAM/test/a_noamd/T0006.jpg,a_noamd,b_amd,0.374144,0.625856
../../../data/data_ADAM/test/a_noamd/T0007.jpg,a_noamd,a_noamd,0.917995,0.082005
../../../data/data_ADAM/test/a_noamd/T0008.jpg,a_noamd,a_noamd,0.823647,0.176353
../../../data/data_ADAM/test/a_noamd/T0009.jpg,a_noamd,a_noamd,0.951656,0.048344
../../../data/data_ADAM/test/a_noamd/T0011.jpg,a_noamd,a_noamd,0.893559,0.106441
../../../data/data_ADAM/test/a_noamd/T0012.jpg,a_noamd,a_noamd,0.867126,0.132874
../../../data/data_ADAM/test/a_noamd/T0013.jpg,a_noamd,a_noamd,0.725852,0.274148
../../../data/data_ADAM/test/a_noamd/T0014.jpg,a_noamd,b_amd,0.137882,0.862118
../../../data/data_ADAM/test/a_noamd/T0016.jpg,a_noamd,a_noamd,0.938023,0.061977
../../../data/data_ADAM/test/a_noamd/T0017.jpg,a_noamd,a_noamd,0.502579,0.497421
../../../data/data_ADAM/test/a_noamd/T0018.jpg,a_noamd,a_noamd,0.662484,0.337516
../../../data/data_ADAM/test/a_noamd/T0019.jpg,a_noamd,b_amd,0.479599,0.520401
../../../data/data_ADAM/test/a_noamd/T0020.jpg,a_noamd,a_noamd,0.940669,0.059331
../../../data/data_ADAM/test/a_noamd/T0022.jpg,a_noamd,a_noamd,0.822632,0.177368
../../../data/data_ADAM/test/a_noamd/T0023.jpg,a_noamd,b_amd,0.193401,0.806599
../../../data/data_ADAM/test/a_noamd/T0025.jpg,a_noamd,b_amd,0.324832,0.675168
../../../data/data_ADAM/test/a_noamd/T0027.jpg,a_noamd,b_amd,0.318196,0.681804
../../../data/data_ADAM/test/a_noamd/T0028.jpg,a_noamd,a_noamd,0.923474,0.076526
../../../data/data_ADAM/test/a_noamd/T0029.jpg,a_noamd,a_noamd,0.842627,0.157373
../../../data/data_ADAM/test/a_noamd/T0031.jpg,a_noamd,a_noamd,0.810236,0.189764
../../../data/data_ADAM/test/a_noamd/T0032.jpg,a_noamd,a_noamd,0.843219,0.156781
../../../data/data_ADAM/test/a_noamd/T0033.jpg,a_noamd,a_noamd,0.683877,0.316123
../../../data/data_ADAM/test/a_noamd/T0034.jpg,a_noamd,a_noamd,0.894626,0.105374
../../../data/data_ADAM/test/a_noamd/T0035.jpg,a_noamd,a_noamd,0.506249,0.493751
../../../data/data_ADAM/test/a_noamd/T0036.jpg,a_noamd,a_noamd,0.759001,0.240999
../../../data/data_ADAM/test/a_noamd/T0037.jpg,a_noamd,a_noamd,0.935540,0.064460
../../../data/data_ADAM/test/a_noamd/T0039.jpg,a_noamd,a_noamd,0.884764,0.115236
../../../data/data_ADAM/test/a_noamd/T0040.jpg,a_noamd,b_amd,0.388229,0.611771
../../../data/data_ADAM/test/a_noamd/T0041.jpg,a_noamd,a_noamd,0.729472,0.270528
../../../data/data_ADAM/test/a_noamd/T0042.jpg,a_noamd,a_noamd,0.897536,0.102464
../../../data/data_ADAM/test/a_noamd/T0044.jpg,a_noamd,a_noamd,0.907940,0.092060
../../../data/data_ADAM/test/a_noamd/T0046.jpg,a_noamd,a_noamd,0.905652,0.094348
../../../data/data_ADAM/test/a_noamd/T0047.jpg,a_noamd,a_noamd,0.931982,0.068018
../../../data/data_ADAM/test/a_noamd/T0049.jpg,a_noamd,a_noamd,0.534804,0.465196
../../../data/data_ADAM/test/a_noamd/T0050.jpg,a_noamd,a_noamd,0.796632,0.203368
../../../data/data_ADAM/test/a_noamd/T0054.jpg,a_noamd,a_noamd,0.915596,0.084404
../../../data/data_ADAM/test/a_noamd/T0055.jpg,a_noamd,a_noamd,0.838907,0.161093
../../../data/data_ADAM/test/a_noamd/T0058.jpg,a_noamd,b_amd,0.245058,0.754942
../../../data/data_ADAM/test/a_noamd/T0060.jpg,a_noamd,a_noamd,0.760831,0.239169
../../../data/data_ADAM/test/a_noamd/T0061.jpg,a_noamd,a_noamd,0.872232,0.127768
../../../data/data_ADAM/test/a_noamd/T0062.jpg,a_noamd,a_noamd,0.744260,0.255740
../../../data/data_ADAM/test/a_noamd/T0063.jpg,a_noamd,a_noamd,0.754486,0.245514
../../../data/data_ADAM/test/a_noamd/T0064.jpg,a_noamd,b_amd,0.480532,0.519468
../../../data/data_ADAM/test/a_noamd/T0065.jpg,a_noamd,a_noamd,0.752661,0.247339
../../../data/data_ADAM/test/a_noamd/T0066.jpg,a_noamd,a_noamd,0.720165,0.279835
../../../data/data_ADAM/test/a_noamd/T0067.jpg,a_noamd,a_noamd,0.912517,0.087483
../../../data/data_ADAM/test/a_noamd/T0068.jpg,a_noamd,a_noamd,0.698129,0.301871
../../../data/data_ADAM/test/a_noamd/T0069.jpg,a_noamd,a_noamd,0.722360,0.277640
../../../data/data_ADAM/test/a_noamd/T0070.jpg,a_noamd,b_amd,0.277668,0.722332
../../../data/data_ADAM/test/a_noamd/T0074.jpg,a_noamd,a_noamd,0.933069,0.066931
../../../data/data_ADAM/test/a_noamd/T0075.jpg,a_noamd,a_noamd,0.895754,0.104246
../../../data/data_ADAM/test/a_noamd/T0076.jpg,a_noamd,a_noamd,0.885889,0.114111
../../../data/data_ADAM/test/a_noamd/T0077.jpg,a_noamd,a_noamd,0.894384,0.105616
../../../data/data_ADAM/test/a_noamd/T0078.jpg,a_noamd,a_noamd,0.688876,0.311124
../../../data/data_ADAM/test/a_noamd/T0079.jpg,a_noamd,a_noamd,0.649476,0.350524
../../../data/data_ADAM/test/a_noamd/T0080.jpg,a_noamd,a_noamd,0.903948,0.096052
../../../data/data_ADAM/test/a_noamd/T0081.jpg,a_noamd,a_noamd,0.881297,0.118703
../../../data/data_ADAM/test/a_noamd/T0082.jpg,a_noamd,b_amd,0.137896,0.862104
../../../data/data_ADAM/test/a_noamd/T0084.jpg,a_noamd,a_noamd,0.702244,0.297756
../../../data/data_ADAM/test/a_noamd/T0085.jpg,a_noamd,a_noamd,0.704488,0.295512
../../../data/data_ADAM/test/a_noamd/T0087.jpg,a_noamd,b_amd,0.143041,0.856959
../../../data/data_ADAM/test/a_noamd/T0088.jpg,a_noamd,a_noamd,0.869519,0.130481
../../../data/data_ADAM/test/a_noamd/T0090.jpg,a_noamd,a_noamd,0.741482,0.258518
../../../data/data_ADAM/test/a_noamd/T0091.jpg,a_noamd,a_noamd,0.753156,0.246844
../../../data/data_ADAM/test/a_noamd/T0092.jpg,a_noamd,a_noamd,0.869826,0.130174
../../../data/data_ADAM/test/a_noamd/T0093.jpg,a_noamd,a_noamd,0.731657,0.268343
../../../data/data_ADAM/test/a_noamd/T0094.jpg,a_noamd,a_noamd,0.892170,0.107830
../../../data/data_ADAM/test/a_noamd/T0095.jpg,a_noamd,a_noamd,0.879179,0.120821
../../../data/data_ADAM/test/a_noamd/T0096.jpg,a_noamd,a_noamd,0.802524,0.197476
../../../data/data_ADAM/test/a_noamd/T0097.jpg,a_noamd,a_noamd,0.922319,0.077681
../../../data/data_ADAM/test/a_noamd/T0098.jpg,a_noamd,a_noamd,0.905824,0.094176
../../../data/data_ADAM/test/a_noamd/T0099.jpg,a_noamd,a_noamd,0.921232,0.078768
../../../data/data_ADAM/test/a_noamd/T0100.jpg,a_noamd,a_noamd,0.876020,0.123980
../../../data/data_ADAM/test/a_noamd/T0101.jpg,a_noamd,a_noamd,0.829553,0.170447
../../../data/data_ADAM/test/a_noamd/T0102.jpg,a_noamd,b_amd,0.413008,0.586992
../../../data/data_ADAM/test/a_noamd/T0103.jpg,a_noamd,a_noamd,0.912985,0.087015
../../../data/data_ADAM/test/a_noamd/T0104.jpg,a_noamd,a_noamd,0.818575,0.181425
../../../data/data_ADAM/test/a_noamd/T0106.jpg,a_noamd,a_noamd,0.901019,0.098981
../../../data/data_ADAM/test/a_noamd/T0108.jpg,a_noamd,a_noamd,0.795690,0.204310
../../../data/data_ADAM/test/a_noamd/T0109.jpg,a_noamd,a_noamd,0.911565,0.088435
../../../data/data_ADAM/test/a_noamd/T0110.jpg,a_noamd,a_noamd,0.922917,0.077083
../../../data/data_ADAM/test/a_noamd/T0111.jpg,a_noamd,a_noamd,0.828471,0.171529
../../../data/data_ADAM/test/a_noamd/T0113.jpg,a_noamd,b_amd,0.302097,0.697903
../../../data/data_ADAM/test/a_noamd/T0114.jpg,a_noamd,a_noamd,0.707746,0.292254
../../../data/data_ADAM/test/a_noamd/T0115.jpg,a_noamd,a_noamd,0.799883,0.200117
../../../data/data_ADAM/test/a_noamd/T0116.jpg,a_noamd,a_noamd,0.926271,0.073729
../../../data/data_ADAM/test/a_noamd/T0117.jpg,a_noamd,a_noamd,0.893011,0.106989
../../../data/data_ADAM/test/a_noamd/T0119.jpg,a_noamd,a_noamd,0.860043,0.139957
../../../data/data_ADAM/test/a_noamd/T0121.jpg,a_noamd,a_noamd,0.852465,0.147535
../../../data/data_ADAM/test/a_noamd/T0122.jpg,a_noamd,a_noamd,0.868752,0.131248
../../../data/data_ADAM/test/a_noamd/T0123.jpg,a_noamd,a_noamd,0.724464,0.275536
../../../data/data_ADAM/test/a_noamd/T0124.jpg,a_noamd,a_noamd,0.826998,0.173002
../../../data/data_ADAM/test/a_noamd/T0125.jpg,a_noamd,a_noamd,0.839167,0.160833
../../../data/data_ADAM/test/a_noamd/T0126.jpg,a_noamd,a_noamd,0.917800,0.082200
../../../data/data_ADAM/test/a_noamd/T0128.jpg,a_noamd,a_noamd,0.778590,0.221410
../../../data/data_ADAM/test/a_noamd/T0130.jpg,a_noamd,a_noamd,0.904199,0.095801
../../../data/data_ADAM/test/a_noamd/T0131.jpg,a_noamd,b_amd,0.190720,0.809280
../../../data/data_ADAM/test/a_noamd/T0132.jpg,a_noamd,a_noamd,0.885700,0.114300
../../../data/data_ADAM/test/a_noamd/T0133.jpg,a_noamd,a_noamd,0.924578,0.075422
../../../data/data_ADAM/test/a_noamd/T0135.jpg,a_noamd,a_noamd,0.875138,0.124862
../../../data/data_ADAM/test/a_noamd/T0136.jpg,a_noamd,a_noamd,0.934318,0.065682
../../../data/data_ADAM/test/a_noamd/T0137.jpg,a_noamd,a_noamd,0.935851,0.064149
../../../data/data_ADAM/test/a_noamd/T0138.jpg,a_noamd,a_noamd,0.895570,0.104430
../../../data/data_ADAM/test/a_noamd/T0139.jpg,a_noamd,a_noamd,0.842271,0.157729
../../../data/data_ADAM/test/a_noamd/T0140.jpg,a_noamd,a_noamd,0.932362,0.067638
../../../data/data_ADAM/test/a_noamd/T0141.jpg,a_noamd,a_noamd,0.648946,0.351054
../../../data/data_ADAM/test/a_noamd/T0142.jpg,a_noamd,a_noamd,0.872709,0.127291
../../../data/data_ADAM/test/a_noamd/T0143.jpg,a_noamd,a_noamd,0.787162,0.212839
../../../data/data_ADAM/test/a_noamd/T0144.jpg,a_noamd,b_amd,0.257013,0.742987
../../../data/data_ADAM/test/a_noamd/T0145.jpg,a_noamd,a_noamd,0.616612,0.383388
../../../data/data_ADAM/test/a_noamd/T0146.jpg,a_noamd,a_noamd,0.513366,0.486634
../../../data/data_ADAM/test/a_noamd/T0149.jpg,a_noamd,a_noamd,0.868262,0.131738
../../../data/data_ADAM/test/a_noamd/T0151.jpg,a_noamd,a_noamd,0.714268,0.285732
../../../data/data_ADAM/test/a_noamd/T0153.jpg,a_noamd,a_noamd,0.905065,0.094935
../../../data/data_ADAM/test/a_noamd/T0155.jpg,a_noamd,a_noamd,0.879740,0.120260
../../../data/data_ADAM/test/a_noamd/T0156.jpg,a_noamd,a_noamd,0.877411,0.122589
../../../data/data_ADAM/test/a_noamd/T0157.jpg,a_noamd,a_noamd,0.826264,0.173736
../../../data/data_ADAM/test/a_noamd/T0158.jpg,a_noamd,a_noamd,0.764504,0.235496
../../../data/data_ADAM/test/a_noamd/T0160.jpg,a_noamd,a_noamd,0.867262,0.132738
../../../data/data_ADAM/test/a_noamd/T0161.jpg,a_noamd,a_noamd,0.895819,0.104181
../../../data/data_ADAM/test/a_noamd/T0162.jpg,a_noamd,a_noamd,0.757195,0.242805
../../../data/data_ADAM/test/a_noamd/T0163.jpg,a_noamd,a_noamd,0.673048,0.326952
../../../data/data_ADAM/test/a_noamd/T0167.jpg,a_noamd,a_noamd,0.843159,0.156841
../../../data/data_ADAM/test/a_noamd/T0168.jpg,a_noamd,a_noamd,0.696370,0.303630
../../../data/data_ADAM/test/a_noamd/T0169.jpg,a_noamd,b_amd,0.247804,0.752196
../../../data/data_ADAM/test/a_noamd/T0171.jpg,a_noamd,a_noamd,0.605743,0.394257
../../../data/data_ADAM/test/a_noamd/T0173.jpg,a_noamd,a_noamd,0.587166,0.412834
../../../data/data_ADAM/test/a_noamd/T0174.jpg,a_noamd,a_noamd,0.936298,0.063702
../../../data/data_ADAM/test/a_noamd/T0175.jpg,a_noamd,a_noamd,0.928138,0.071862
../../../data/data_ADAM/test/a_noamd/T0177.jpg,a_noamd,a_noamd,0.606840,0.393160
../../../data/data_ADAM/test/a_noamd/T0178.jpg,a_noamd,a_noamd,0.835564,0.164436
../../../data/data_ADAM/test/a_noamd/T0179.jpg,a_noamd,a_noamd,0.847342,0.152658
../../../data/data_ADAM/test/a_noamd/T0180.jpg,a_noamd,a_noamd,0.841366,0.158634
../../../data/data_ADAM/test/a_noamd/T0181.jpg,a_noamd,a_noamd,0.887112,0.112888
../../../data/data_ADAM/test/a_noamd/T0182.jpg,a_noamd,a_noamd,0.934103,0.065897
../../../data/data_ADAM/test/a_noamd/T0184.jpg,a_noamd,a_noamd,0.851809,0.148191
../../../data/data_ADAM/test/a_noamd/T0185.jpg,a_noamd,a_noamd,0.941292,0.058708
../../../data/data_ADAM/test/a_noamd/T0186.jpg,a_noamd,a_noamd,0.842394,0.157606
../../../data/data_ADAM/test/a_noamd/T0187.jpg,a_noamd,a_noamd,0.758324,0.241676
../../../data/data_ADAM/test/a_noamd/T0191.jpg,a_noamd,b_amd,0.169096,0.830904
../../../data/data_ADAM/test/a_noamd/T0192.jpg,a_noamd,b_amd,0.215708,0.784292
../../../data/data_ADAM/test/a_noamd/T0194.jpg,a_noamd,a_noamd,0.945663,0.054337
../../../data/data_ADAM/test/a_noamd/T0195.jpg,a_noamd,a_noamd,0.799856,0.200144
../../../data/data_ADAM/test/a_noamd/T0196.jpg,a_noamd,b_amd,0.330057,0.669943
../../../data/data_ADAM/test/a_noamd/T0197.jpg,a_noamd,b_amd,0.427917,0.572083
../../../data/data_ADAM/test/a_noamd/T0199.jpg,a_noamd,a_noamd,0.913381,0.086619
../../../data/data_ADAM/test/a_noamd/T0200.jpg,a_noamd,a_noamd,0.745079,0.254921
../../../data/data_ADAM/test/a_noamd/T0202.jpg,a_noamd,a_noamd,0.760779,0.239221
../../../data/data_ADAM/test/a_noamd/T0203.jpg,a_noamd,a_noamd,0.898729,0.101271
../../../data/data_ADAM/test/a_noamd/T0204.jpg,a_noamd,a_noamd,0.692182,0.307818
../../../data/data_ADAM/test/a_noamd/T0205.jpg,a_noamd,a_noamd,0.932939,0.067062
../../../data/data_ADAM/test/a_noamd/T0206.jpg,a_noamd,b_amd,0.453999,0.546001
../../../data/data_ADAM/test/a_noamd/T0207.jpg,a_noamd,b_amd,0.238950,0.761050
../../../data/data_ADAM/test/a_noamd/T0208.jpg,a_noamd,a_noamd,0.666699,0.333301
../../../data/data_ADAM/test/a_noamd/T0210.jpg,a_noamd,b_amd,0.181751,0.818249
../../../data/data_ADAM/test/a_noamd/T0211.jpg,a_noamd,a_noamd,0.759363,0.240637
../../../data/data_ADAM/test/a_noamd/T0212.jpg,a_noamd,a_noamd,0.725560,0.274440
../../../data/data_ADAM/test/a_noamd/T0213.jpg,a_noamd,a_noamd,0.918062,0.081938
../../../data/data_ADAM/test/a_noamd/T0214.jpg,a_noamd,a_noamd,0.740217,0.259783
../../../data/data_ADAM/test/a_noamd/T0215.jpg,a_noamd,a_noamd,0.780515,0.219485
../../../data/data_ADAM/test/a_noamd/T0216.jpg,a_noamd,a_noamd,0.816090,0.183910
../../../data/data_ADAM/test/a_noamd/T0217.jpg,a_noamd,a_noamd,0.648475,0.351525
../../../data/data_ADAM/test/a_noamd/T0218.jpg,a_noamd,a_noamd,0.888904,0.111096
../../../data/data_ADAM/test/a_noamd/T0220.jpg,a_noamd,a_noamd,0.775797,0.224203
../../../data/data_ADAM/test/a_noamd/T0221.jpg,a_noamd,a_noamd,0.926879,0.073121
../../../data/data_ADAM/test/a_noamd/T0222.jpg,a_noamd,a_noamd,0.904930,0.095069
../../../data/data_ADAM/test/a_noamd/T0223.jpg,a_noamd,b_amd,0.317665,0.682335
../../../data/data_ADAM/test/a_noamd/T0224.jpg,a_noamd,a_noamd,0.886029,0.113971
../../../data/data_ADAM/test/a_noamd/T0225.jpg,a_noamd,a_noamd,0.810776,0.189224
../../../data/data_ADAM/test/a_noamd/T0228.jpg,a_noamd,b_amd,0.489983,0.510017
../../../data/data_ADAM/test/a_noamd/T0229.jpg,a_noamd,a_noamd,0.893732,0.106268
../../../data/data_ADAM/test/a_noamd/T0230.jpg,a_noamd,b_amd,0.169123,0.830877
../../../data/data_ADAM/test/a_noamd/T0231.jpg,a_noamd,b_amd,0.483598,0.516402
../../../data/data_ADAM/test/a_noamd/T0232.jpg,a_noamd,a_noamd,0.876936,0.123064
../../../data/data_ADAM/test/a_noamd/T0233.jpg,a_noamd,a_noamd,0.824362,0.175638
../../../data/data_ADAM/test/a_noamd/T0234.jpg,a_noamd,a_noamd,0.916578,0.083422
../../../data/data_ADAM/test/a_noamd/T0235.jpg,a_noamd,a_noamd,0.560861,0.439139
../../../data/data_ADAM/test/a_noamd/T0236.jpg,a_noamd,a_noamd,0.854399,0.145601
../../../data/data_ADAM/test/a_noamd/T0238.jpg,a_noamd,a_noamd,0.889099,0.110901
../../../data/data_ADAM/test/a_noamd/T0239.jpg,a_noamd,a_noamd,0.735571,0.264429
../../../data/data_ADAM/test/a_noamd/T0240.jpg,a_noamd,b_amd,0.186251,0.813749
../../../data/data_ADAM/test/a_noamd/T0241.jpg,a_noamd,b_amd,0.362769,0.637231
../../../data/data_ADAM/test/a_noamd/T0242.jpg,a_noamd,a_noamd,0.879481,0.120519
../../../data/data_ADAM/test/a_noamd/T0243.jpg,a_noamd,a_noamd,0.829692,0.170308
../../../data/data_ADAM/test/a_noamd/T0246.jpg,a_noamd,a_noamd,0.922262,0.077738
../../../data/data_ADAM/test/a_noamd/T0248.jpg,a_noamd,a_noamd,0.913785,0.086215
../../../data/data_ADAM/test/a_noamd/T0249.jpg,a_noamd,a_noamd,0.759166,0.240834
../../../data/data_ADAM/test/a_noamd/T0250.jpg,a_noamd,a_noamd,0.876291,0.123709
../../../data/data_ADAM/test/a_noamd/T0251.jpg,a_noamd,b_amd,0.446098,0.553902
../../../data/data_ADAM/test/a_noamd/T0253.jpg,a_noamd,a_noamd,0.528898,0.471102
../../../data/data_ADAM/test/a_noamd/T0256.jpg,a_noamd,a_noamd,0.865807,0.134193
../../../data/data_ADAM/test/a_noamd/T0257.jpg,a_noamd,a_noamd,0.888926,0.111074
../../../data/data_ADAM/test/a_noamd/T0259.jpg,a_noamd,a_noamd,0.898706,0.101294
../../../data/data_ADAM/test/a_noamd/T0260.jpg,a_noamd,a_noamd,0.800637,0.199363
../../../data/data_ADAM/test/a_noamd/T0262.jpg,a_noamd,b_amd,0.359993,0.640007
../../../data/data_ADAM/test/a_noamd/T0263.jpg,a_noamd,a_noamd,0.815638,0.184362
../../../data/data_ADAM/test/a_noamd/T0264.jpg,a_noamd,a_noamd,0.623559,0.376441
../../../data/data_ADAM/test/a_noamd/T0265.jpg,a_noamd,b_amd,0.215170,0.784830
../../../data/data_ADAM/test/a_noamd/T0266.jpg,a_noamd,a_noamd,0.930552,0.069448
../../../data/data_ADAM/test/a_noamd/T0267.jpg,a_noamd,a_noamd,0.804845,0.195155
../../../data/data_ADAM/test/a_noamd/T0268.jpg,a_noamd,a_noamd,0.767704,0.232296
../../../data/data_ADAM/test/a_noamd/T0269.jpg,a_noamd,a_noamd,0.894461,0.105539
../../../data/data_ADAM/test/a_noamd/T0270.jpg,a_noamd,a_noamd,0.648211,0.351789
../../../data/data_ADAM/test/a_noamd/T0271.jpg,a_noamd,a_noamd,0.690924,0.309076
../../../data/data_ADAM/test/a_noamd/T0272.jpg,a_noamd,a_noamd,0.870202,0.129798
../../../data/data_ADAM/test/a_noamd/T0273.jpg,a_noamd,a_noamd,0.938304,0.061696
../../../data/data_ADAM/test/a_noamd/T0274.jpg,a_noamd,a_noamd,0.935578,0.064422
../../../data/data_ADAM/test/a_noamd/T0275.jpg,a_noamd,a_noamd,0.909545,0.090455
../../../data/data_ADAM/test/a_noamd/T0276.jpg,a_noamd,b_amd,0.400447,0.599553
../../../data/data_ADAM/test/a_noamd/T0277.jpg,a_noamd,a_noamd,0.908780,0.091220
../../../data/data_ADAM/test/a_noamd/T0278.jpg,a_noamd,a_noamd,0.842067,0.157933
../../../data/data_ADAM/test/a_noamd/T0279.jpg,a_noamd,b_amd,0.421375,0.578625
../../../data/data_ADAM/test/a_noamd/T0280.jpg,a_noamd,a_noamd,0.876612,0.123388
../../../data/data_ADAM/test/a_noamd/T0281.jpg,a_noamd,a_noamd,0.775335,0.224665
../../../data/data_ADAM/test/a_noamd/T0282.jpg,a_noamd,a_noamd,0.860492,0.139508
../../../data/data_ADAM/test/a_noamd/T0283.jpg,a_noamd,b_amd,0.176251,0.823749
../../../data/data_ADAM/test/a_noamd/T0284.jpg,a_noamd,b_amd,0.258209,0.741791
../../../data/data_ADAM/test/a_noamd/T0285.jpg,a_noamd,a_noamd,0.796329,0.203671
../../../data/data_ADAM/test/a_noamd/T0287.jpg,a_noamd,a_noamd,0.939960,0.060040
../../../data/data_ADAM/test/a_noamd/T0288.jpg,a_noamd,a_noamd,0.867451,0.132549
../../../data/data_ADAM/test/a_noamd/T0289.jpg,a_noamd,b_amd,0.224833,0.775167
../../../data/data_ADAM/test/a_noamd/T0290.jpg,a_noamd,a_noamd,0.946778,0.053222
../../../data/data_ADAM/test/a_noamd/T0292.jpg,a_noamd,a_noamd,0.839493,0.160507
../../../data/data_ADAM/test/a_noamd/T0293.jpg,a_noamd,a_noamd,0.900361,0.099639
../../../data/data_ADAM/test/a_noamd/T0294.jpg,a_noamd,b_amd,0.443939,0.556061
../../../data/data_ADAM/test/a_noamd/T0295.jpg,a_noamd,a_noamd,0.887619,0.112381
../../../data/data_ADAM/test/a_noamd/T0296.jpg,a_noamd,a_noamd,0.913057,0.086943
../../../data/data_ADAM/test/a_noamd/T0297.jpg,a_noamd,a_noamd,0.855176,0.144824
../../../data/data_ADAM/test/a_noamd/T0299.jpg,a_noamd,a_noamd,0.939858,0.060142
../../../data/data_ADAM/test/a_noamd/T0300.jpg,a_noamd,a_noamd,0.899928,0.100072
../../../data/data_ADAM/test/a_noamd/T0302.jpg,a_noamd,a_noamd,0.831215,0.168785
../../../data/data_ADAM/test/a_noamd/T0303.jpg,a_noamd,a_noamd,0.745793,0.254207
../../../data/data_ADAM/test/a_noamd/T0304.jpg,a_noamd,b_amd,0.377173,0.622827
../../../data/data_ADAM/test/a_noamd/T0305.jpg,a_noamd,a_noamd,0.851566,0.148434
../../../data/data_ADAM/test/a_noamd/T0306.jpg,a_noamd,a_noamd,0.778813,0.221187
../../../data/data_ADAM/test/a_noamd/T0308.jpg,a_noamd,a_noamd,0.713085,0.286915
../../../data/data_ADAM/test/a_noamd/T0309.jpg,a_noamd,a_noamd,0.927377,0.072623
../../../data/data_ADAM/test/a_noamd/T0310.jpg,a_noamd,a_noamd,0.812319,0.187681
../../../data/data_ADAM/test/a_noamd/T0311.jpg,a_noamd,b_amd,0.437405,0.562595
../../../data/data_ADAM/test/a_noamd/T0312.jpg,a_noamd,a_noamd,0.872703,0.127297
../../../data/data_ADAM/test/a_noamd/T0313.jpg,a_noamd,b_amd,0.190308,0.809691
../../../data/data_ADAM/test/a_noamd/T0314.jpg,a_noamd,b_amd,0.486124,0.513876
../../../data/data_ADAM/test/a_noamd/T0315.jpg,a_noamd,b_amd,0.493463,0.506537
../../../data/data_ADAM/test/a_noamd/T0316.jpg,a_noamd,a_noamd,0.756002,0.243998
../../../data/data_ADAM/test/a_noamd/T0317.jpg,a_noamd,a_noamd,0.720292,0.279708
../../../data/data_ADAM/test/a_noamd/T0318.jpg,a_noamd,a_noamd,0.934121,0.065879
../../../data/data_ADAM/test/a_noamd/T0319.jpg,a_noamd,b_amd,0.440075,0.559925
../../../data/data_ADAM/test/a_noamd/T0320.jpg,a_noamd,a_noamd,0.518382,0.481618
../../../data/data_ADAM/test/a_noamd/T0321.jpg,a_noamd,a_noamd,0.923670,0.076330
../../../data/data_ADAM/test/a_noamd/T0322.jpg,a_noamd,a_noamd,0.877359,0.122641
../../../data/data_ADAM/test/a_noamd/T0324.jpg,a_noamd,a_noamd,0.876558,0.123442
../../../data/data_ADAM/test/a_noamd/T0327.jpg,a_noamd,b_amd,0.239046,0.760954
../../../data/data_ADAM/test/a_noamd/T0328.jpg,a_noamd,a_noamd,0.918522,0.081478
../../../data/data_ADAM/test/a_noamd/T0330.jpg,a_noamd,a_noamd,0.910680,0.089320
../../../data/data_ADAM/test/a_noamd/T0331.jpg,a_noamd,a_noamd,0.538960,0.461040
../../../data/data_ADAM/test/a_noamd/T0332.jpg,a_noamd,a_noamd,0.876323,0.123677
../../../data/data_ADAM/test/a_noamd/T0333.jpg,a_noamd,a_noamd,0.910178,0.089822
../../../data/data_ADAM/test/a_noamd/T0334.jpg,a_noamd,a_noamd,0.849368,0.150632
../../../data/data_ADAM/test/a_noamd/T0335.jpg,a_noamd,a_noamd,0.929192,0.070808
../../../data/data_ADAM/test/a_noamd/T0336.jpg,a_noamd,a_noamd,0.888560,0.111440
../../../data/data_ADAM/test/a_noamd/T0337.jpg,a_noamd,a_noamd,0.724492,0.275508
../../../data/data_ADAM/test/a_noamd/T0338.jpg,a_noamd,a_noamd,0.898535,0.101465
../../../data/data_ADAM/test/a_noamd/T0339.jpg,a_noamd,b_amd,0.441320,0.558680
../../../data/data_ADAM/test/a_noamd/T0340.jpg,a_noamd,a_noamd,0.933415,0.066585
../../../data/data_ADAM/test/a_noamd/T0341.jpg,a_noamd,b_amd,0.297147,0.702853
../../../data/data_ADAM/test/a_noamd/T0342.jpg,a_noamd,a_noamd,0.897670,0.102330
../../../data/data_ADAM/test/a_noamd/T0343.jpg,a_noamd,b_amd,0.127611,0.872389
../../../data/data_ADAM/test/a_noamd/T0344.jpg,a_noamd,a_noamd,0.916100,0.083900
../../../data/data_ADAM/test/a_noamd/T0345.jpg,a_noamd,a_noamd,0.898410,0.101590
../../../data/data_ADAM/test/a_noamd/T0346.jpg,a_noamd,a_noamd,0.849149,0.150851
../../../data/data_ADAM/test/a_noamd/T0347.jpg,a_noamd,a_noamd,0.774831,0.225169
../../../data/data_ADAM/test/a_noamd/T0349.jpg,a_noamd,a_noamd,0.921574,0.078426
../../../data/data_ADAM/test/a_noamd/T0350.jpg,a_noamd,a_noamd,0.891663,0.108337
../../../data/data_ADAM/test/a_noamd/T0352.jpg,a_noamd,a_noamd,0.846746,0.153254
../../../data/data_ADAM/test/a_noamd/T0353.jpg,a_noamd,a_noamd,0.888143,0.111857
../../../data/data_ADAM/test/a_noamd/T0354.jpg,a_noamd,a_noamd,0.896008,0.103992
../../../data/data_ADAM/test/a_noamd/T0355.jpg,a_noamd,a_noamd,0.916992,0.083008
../../../data/data_ADAM/test/a_noamd/T0356.jpg,a_noamd,a_noamd,0.797865,0.202135
../../../data/data_ADAM/test/a_noamd/T0357.jpg,a_noamd,a_noamd,0.818891,0.181109
../../../data/data_ADAM/test/a_noamd/T0358.jpg,a_noamd,a_noamd,0.885690,0.114310
../../../data/data_ADAM/test/a_noamd/T0359.jpg,a_noamd,a_noamd,0.834956,0.165044
../../../data/data_ADAM/test/a_noamd/T0360.jpg,a_noamd,a_noamd,0.932037,0.067963
../../../data/data_ADAM/test/a_noamd/T0362.jpg,a_noamd,a_noamd,0.855687,0.144313
../../../data/data_ADAM/test/a_noamd/T0363.jpg,a_noamd,b_amd,0.312764,0.687236
../../../data/data_ADAM/test/a_noamd/T0365.jpg,a_noamd,a_noamd,0.877616,0.122384
../../../data/data_ADAM/test/a_noamd/T0367.jpg,a_noamd,a_noamd,0.863075,0.136925
../../../data/data_ADAM/test/a_noamd/T0369.jpg,a_noamd,b_amd,0.127193,0.872807
../../../data/data_ADAM/test/a_noamd/T0370.jpg,a_noamd,a_noamd,0.837068,0.162932
../../../data/data_ADAM/test/a_noamd/T0371.jpg,a_noamd,a_noamd,0.861519,0.138481
../../../data/data_ADAM/test/a_noamd/T0373.jpg,a_noamd,b_amd,0.223598,0.776402
../../../data/data_ADAM/test/a_noamd/T0374.jpg,a_noamd,a_noamd,0.850839,0.149161
../../../data/data_ADAM/test/a_noamd/T0375.jpg,a_noamd,a_noamd,0.883271,0.116729
../../../data/data_ADAM/test/a_noamd/T0376.jpg,a_noamd,a_noamd,0.904319,0.095681
../../../data/data_ADAM/test/a_noamd/T0379.jpg,a_noamd,b_amd,0.409067,0.590933
../../../data/data_ADAM/test/a_noamd/T0380.jpg,a_noamd,a_noamd,0.897575,0.102425
../../../data/data_ADAM/test/a_noamd/T0383.jpg,a_noamd,b_amd,0.160174,0.839826
../../../data/data_ADAM/test/a_noamd/T0384.jpg,a_noamd,a_noamd,0.845189,0.154811
../../../data/data_ADAM/test/a_noamd/T0385.jpg,a_noamd,a_noamd,0.912399,0.087601
../../../data/data_ADAM/test/a_noamd/T0387.jpg,a_noamd,a_noamd,0.846837,0.153163
../../../data/data_ADAM/test/a_noamd/T0388.jpg,a_noamd,a_noamd,0.830569,0.169431
../../../data/data_ADAM/test/a_noamd/T0389.jpg,a_noamd,a_noamd,0.858737,0.141264
../../../data/data_ADAM/test/a_noamd/T0391.jpg,a_noamd,b_amd,0.347504,0.652496
../../../data/data_ADAM/test/a_noamd/T0395.jpg,a_noamd,a_noamd,0.854925,0.145075
../../../data/data_ADAM/test/a_noamd/T0396.jpg,a_noamd,a_noamd,0.906514,0.093486
../../../data/data_ADAM/test/a_noamd/T0397.jpg,a_noamd,a_noamd,0.557475,0.442525
../../../data/data_ADAM/test/a_noamd/T0398.jpg,a_noamd,a_noamd,0.619009,0.380991
../../../data/data_ADAM/test/a_noamd/T0399.jpg,a_noamd,a_noamd,0.900032,0.099968
../../../data/data_ADAM/test/a_noamd/T0400.jpg,a_noamd,b_amd,0.184121,0.815879
../../../data/data_ADAM/test/a_noamd/V0001.jpg,a_noamd,b_amd,0.114126,0.885874
../../../data/data_ADAM/test/a_noamd/V0002.jpg,a_noamd,a_noamd,0.893951,0.106049
../../../data/data_ADAM/test/a_noamd/V0003.jpg,a_noamd,a_noamd,0.790086,0.209914
../../../data/data_ADAM/test/a_noamd/V0004.jpg,a_noamd,b_amd,0.115170,0.884830
../../../data/data_ADAM/test/a_noamd/V0005.jpg,a_noamd,a_noamd,0.590911,0.409089
../../../data/data_ADAM/test/a_noamd/V0006.jpg,a_noamd,a_noamd,0.727736,0.272264
../../../data/data_ADAM/test/a_noamd/V0007.jpg,a_noamd,b_amd,0.498394,0.501606
../../../data/data_ADAM/test/a_noamd/V0008.jpg,a_noamd,b_amd,0.082412,0.917588
../../../data/data_ADAM/test/a_noamd/V0010.jpg,a_noamd,a_noamd,0.908348,0.091652
../../../data/data_ADAM/test/a_noamd/V0011.jpg,a_noamd,a_noamd,0.840226,0.159774
../../../data/data_ADAM/test/a_noamd/V0012.jpg,a_noamd,a_noamd,0.898367,0.101633
../../../data/data_ADAM/test/a_noamd/V0014.jpg,a_noamd,a_noamd,0.770822,0.229178
../../../data/data_ADAM/test/a_noamd/V0015.jpg,a_noamd,a_noamd,0.717615,0.282385
../../../data/data_ADAM/test/a_noamd/V0016.jpg,a_noamd,a_noamd,0.863206,0.136794
../../../data/data_ADAM/test/a_noamd/V0017.jpg,a_noamd,a_noamd,0.889881,0.110119
../../../data/data_ADAM/test/a_noamd/V0018.jpg,a_noamd,b_amd,0.160265,0.839735
../../../data/data_ADAM/test/a_noamd/V0019.jpg,a_noamd,a_noamd,0.935247,0.064753
../../../data/data_ADAM/test/a_noamd/V0020.jpg,a_noamd,a_noamd,0.893972,0.106028
../../../data/data_ADAM/test/a_noamd/V0021.jpg,a_noamd,b_amd,0.236310,0.763690
../../../data/data_ADAM/test/a_noamd/V0023.jpg,a_noamd,a_noamd,0.889780,0.110220
../../../data/data_ADAM/test/a_noamd/V0024.jpg,a_noamd,a_noamd,0.624194,0.375806
../../../data/data_ADAM/test/a_noamd/V0025.jpg,a_noamd,a_noamd,0.907889,0.092111
../../../data/data_ADAM/test/a_noamd/V0026.jpg,a_noamd,a_noamd,0.552140,0.447860
../../../data/data_ADAM/test/a_noamd/V0027.jpg,a_noamd,b_amd,0.240522,0.759478
../../../data/data_ADAM/test/a_noamd/V0028.jpg,a_noamd,a_noamd,0.914681,0.085319
../../../data/data_ADAM/test/a_noamd/V0029.jpg,a_noamd,a_noamd,0.724033,0.275967
../../../data/data_ADAM/test/a_noamd/V0031.jpg,a_noamd,b_amd,0.170759,0.829241
../../../data/data_ADAM/test/a_noamd/V0032.jpg,a_noamd,a_noamd,0.808012,0.191988
../../../data/data_ADAM/test/a_noamd/V0035.jpg,a_noamd,b_amd,0.453085,0.546915
../../../data/data_ADAM/test/a_noamd/V0036.jpg,a_noamd,a_noamd,0.837410,0.162590
../../../data/data_ADAM/test/a_noamd/V0037.jpg,a_noamd,b_amd,0.351814,0.648186
../../../data/data_ADAM/test/a_noamd/V0038.jpg,a_noamd,a_noamd,0.769170,0.230830
../../../data/data_ADAM/test/a_noamd/V0039.jpg,a_noamd,a_noamd,0.775054,0.224946
../../../data/data_ADAM/test/a_noamd/V0040.jpg,a_noamd,a_noamd,0.841542,0.158458
../../../data/data_ADAM/test/a_noamd/V0041.jpg,a_noamd,a_noamd,0.804546,0.195454
../../../data/data_ADAM/test/a_noamd/V0042.jpg,a_noamd,a_noamd,0.826511,0.173489
../../../data/data_ADAM/test/a_noamd/V0044.jpg,a_noamd,a_noamd,0.932886,0.067114
../../../data/data_ADAM/test/a_noamd/V0045.jpg,a_noamd,b_amd,0.222576,0.777424
../../../data/data_ADAM/test/a_noamd/V0046.jpg,a_noamd,b_amd,0.224885,0.775115
../../../data/data_ADAM/test/a_noamd/V0047.jpg,a_noamd,a_noamd,0.944867,0.055133
../../../data/data_ADAM/test/a_noamd/V0049.jpg,a_noamd,a_noamd,0.656473,0.343527
../../../data/data_ADAM/test/a_noamd/V0052.jpg,a_noamd,a_noamd,0.915622,0.084378
../../../data/data_ADAM/test/a_noamd/V0053.jpg,a_noamd,a_noamd,0.719667,0.280333
../../../data/data_ADAM/test/a_noamd/V0054.jpg,a_noamd,b_amd,0.283790,0.716210
../../../data/data_ADAM/test/a_noamd/V0055.jpg,a_noamd,a_noamd,0.927686,0.072314
../../../data/data_ADAM/test/a_noamd/V0056.jpg,a_noamd,b_amd,0.233737,0.766263
../../../data/data_ADAM/test/a_noamd/V0057.jpg,a_noamd,a_noamd,0.926178,0.073822
../../../data/data_ADAM/test/a_noamd/V0058.jpg,a_noamd,b_amd,0.425811,0.574189
../../../data/data_ADAM/test/a_noamd/V0059.jpg,a_noamd,a_noamd,0.879578,0.120423
../../../data/data_ADAM/test/a_noamd/V0060.jpg,a_noamd,b_amd,0.396725,0.603275
../../../data/data_ADAM/test/a_noamd/V0062.jpg,a_noamd,a_noamd,0.760695,0.239305
../../../data/data_ADAM/test/a_noamd/V0064.jpg,a_noamd,a_noamd,0.674975,0.325025
../../../data/data_ADAM/test/a_noamd/V0065.jpg,a_noamd,a_noamd,0.915779,0.084221
../../../data/data_ADAM/test/a_noamd/V0066.jpg,a_noamd,a_noamd,0.924375,0.075625
../../../data/data_ADAM/test/a_noamd/V0067.jpg,a_noamd,b_amd,0.322070,0.677930
../../../data/data_ADAM/test/a_noamd/V0068.jpg,a_noamd,a_noamd,0.884232,0.115768
../../../data/data_ADAM/test/a_noamd/V0069.jpg,a_noamd,a_noamd,0.846891,0.153109
../../../data/data_ADAM/test/a_noamd/V0070.jpg,a_noamd,a_noamd,0.933838,0.066162
../../../data/data_ADAM/test/a_noamd/V0071.jpg,a_noamd,a_noamd,0.568259,0.431741
../../../data/data_ADAM/test/a_noamd/V0072.jpg,a_noamd,a_noamd,0.663214,0.336786
../../../data/data_ADAM/test/a_noamd/V0073.jpg,a_noamd,a_noamd,0.877627,0.122373
../../../data/data_ADAM/test/a_noamd/V0074.jpg,a_noamd,a_noamd,0.598692,0.401308
../../../data/data_ADAM/test/a_noamd/V0075.jpg,a_noamd,a_noamd,0.862960,0.137040
../../../data/data_ADAM/test/a_noamd/V0076.jpg,a_noamd,a_noamd,0.926296,0.073704
../../../data/data_ADAM/test/a_noamd/V0077.jpg,a_noamd,a_noamd,0.910791,0.089209
../../../data/data_ADAM/test/a_noamd/V0079.jpg,a_noamd,a_noamd,0.921607,0.078393
../../../data/data_ADAM/test/a_noamd/V0081.jpg,a_noamd,b_amd,0.204435,0.795565
../../../data/data_ADAM/test/a_noamd/V0082.jpg,a_noamd,a_noamd,0.893233,0.106767
../../../data/data_ADAM/test/a_noamd/V0084.jpg,a_noamd,a_noamd,0.824037,0.175963
../../../data/data_ADAM/test/a_noamd/V0086.jpg,a_noamd,a_noamd,0.541589,0.458411
../../../data/data_ADAM/test/a_noamd/V0088.jpg,a_noamd,a_noamd,0.847582,0.152418
../../../data/data_ADAM/test/a_noamd/V0090.jpg,a_noamd,a_noamd,0.896832,0.103168
../../../data/data_ADAM/test/a_noamd/V0092.jpg,a_noamd,a_noamd,0.915116,0.084884
../../../data/data_ADAM/test/a_noamd/V0094.jpg,a_noamd,a_noamd,0.913155,0.086845
../../../data/data_ADAM/test/a_noamd/V0095.jpg,a_noamd,a_noamd,0.677365,0.322635
../../../data/data_ADAM/test/a_noamd/V0096.jpg,a_noamd,a_noamd,0.886420,0.113580
../../../data/data_ADAM/test/a_noamd/V0097.jpg,a_noamd,a_noamd,0.810676,0.189324
../../../data/data_ADAM/test/a_noamd/V0098.jpg,a_noamd,a_noamd,0.714157,0.285843
../../../data/data_ADAM/test/a_noamd/V0100.jpg,a_noamd,b_amd,0.128841,0.871159
../../../data/data_ADAM/test/a_noamd/V0101.jpg,a_noamd,a_noamd,0.869978,0.130022
../../../data/data_ADAM/test/a_noamd/V0102.jpg,a_noamd,a_noamd,0.881848,0.118152
../../../data/data_ADAM/test/a_noamd/V0104.jpg,a_noamd,a_noamd,0.926048,0.073952
../../../data/data_ADAM/test/a_noamd/V0107.jpg,a_noamd,a_noamd,0.908804,0.091196
../../../data/data_ADAM/test/a_noamd/V0109.jpg,a_noamd,a_noamd,0.914214,0.085786
../../../data/data_ADAM/test/a_noamd/V0110.jpg,a_noamd,a_noamd,0.865376,0.134624
../../../data/data_ADAM/test/a_noamd/V0112.jpg,a_noamd,a_noamd,0.867630,0.132370
../../../data/data_ADAM/test/a_noamd/V0113.jpg,a_noamd,a_noamd,0.780980,0.219020
../../../data/data_ADAM/test/a_noamd/V0114.jpg,a_noamd,a_noamd,0.718604,0.281396
../../../data/data_ADAM/test/a_noamd/V0116.jpg,a_noamd,b_amd,0.329218,0.670782
../../../data/data_ADAM/test/a_noamd/V0118.jpg,a_noamd,a_noamd,0.857687,0.142313
../../../data/data_ADAM/test/a_noamd/V0120.jpg,a_noamd,a_noamd,0.933524,0.066476
../../../data/data_ADAM/test/a_noamd/V0121.jpg,a_noamd,a_noamd,0.889807,0.110193
../../../data/data_ADAM/test/a_noamd/V0122.jpg,a_noamd,b_amd,0.389816,0.610184
../../../data/data_ADAM/test/a_noamd/V0123.jpg,a_noamd,a_noamd,0.919206,0.080794
../../../data/data_ADAM/test/a_noamd/V0124.jpg,a_noamd,a_noamd,0.897300,0.102700
../../../data/data_ADAM/test/a_noamd/V0126.jpg,a_noamd,a_noamd,0.824609,0.175391
../../../data/data_ADAM/test/a_noamd/V0127.jpg,a_noamd,a_noamd,0.685594,0.314406
../../../data/data_ADAM/test/a_noamd/V0128.jpg,a_noamd,a_noamd,0.866168,0.133832
../../../data/data_ADAM/test/a_noamd/V0130.jpg,a_noamd,a_noamd,0.680376,0.319624
../../../data/data_ADAM/test/a_noamd/V0131.jpg,a_noamd,a_noamd,0.830328,0.169672
../../../data/data_ADAM/test/a_noamd/V0132.jpg,a_noamd,a_noamd,0.736474,0.263526
../../../data/data_ADAM/test/a_noamd/V0134.jpg,a_noamd,a_noamd,0.607481,0.392519
../../../data/data_ADAM/test/a_noamd/V0136.jpg,a_noamd,a_noamd,0.849428,0.150572
../../../data/data_ADAM/test/a_noamd/V0137.jpg,a_noamd,a_noamd,0.797103,0.202897
../../../data/data_ADAM/test/a_noamd/V0138.jpg,a_noamd,b_amd,0.375902,0.624098
../../../data/data_ADAM/test/a_noamd/V0139.jpg,a_noamd,a_noamd,0.822969,0.177031
../../../data/data_ADAM/test/a_noamd/V0140.jpg,a_noamd,a_noamd,0.925892,0.074108
../../../data/data_ADAM/test/a_noamd/V0142.jpg,a_noamd,b_amd,0.299938,0.700062
../../../data/data_ADAM/test/a_noamd/V0143.jpg,a_noamd,a_noamd,0.901730,0.098270
../../../data/data_ADAM/test/a_noamd/V0144.jpg,a_noamd,a_noamd,0.893964,0.106036
../../../data/data_ADAM/test/a_noamd/V0145.jpg,a_noamd,a_noamd,0.727348,0.272652
../../../data/data_ADAM/test/a_noamd/V0148.jpg,a_noamd,a_noamd,0.922872,0.077128
../../../data/data_ADAM/test/a_noamd/V0149.jpg,a_noamd,a_noamd,0.524852,0.475148
../../../data/data_ADAM/test/a_noamd/V0150.jpg,a_noamd,a_noamd,0.933108,0.066892
../../../data/data_ADAM/test/a_noamd/V0153.jpg,a_noamd,a_noamd,0.708438,0.291562
../../../data/data_ADAM/test/a_noamd/V0154.jpg,a_noamd,b_amd,0.151470,0.848530
../../../data/data_ADAM/test/a_noamd/V0155.jpg,a_noamd,a_noamd,0.922417,0.077583
../../../data/data_ADAM/test/a_noamd/V0156.jpg,a_noamd,a_noamd,0.843056,0.156944
../../../data/data_ADAM/test/a_noamd/V0157.jpg,a_noamd,a_noamd,0.793393,0.206607
../../../data/data_ADAM/test/a_noamd/V0160.jpg,a_noamd,b_amd,0.273021,0.726979
../../../data/data_ADAM/test/a_noamd/V0162.jpg,a_noamd,a_noamd,0.743874,0.256126
../../../data/data_ADAM/test/a_noamd/V0163.jpg,a_noamd,a_noamd,0.758263,0.241737
../../../data/data_ADAM/test/a_noamd/V0164.jpg,a_noamd,a_noamd,0.504133,0.495867
../../../data/data_ADAM/test/a_noamd/V0165.jpg,a_noamd,a_noamd,0.912410,0.087590
../../../data/data_ADAM/test/a_noamd/V0166.jpg,a_noamd,a_noamd,0.837938,0.162062
../../../data/data_ADAM/test/a_noamd/V0167.jpg,a_noamd,a_noamd,0.861955,0.138045
../../../data/data_ADAM/test/a_noamd/V0168.jpg,a_noamd,a_noamd,0.932294,0.067706
../../../data/data_ADAM/test/a_noamd/V0169.jpg,a_noamd,a_noamd,0.827669,0.172331
../../../data/data_ADAM/test/a_noamd/V0171.jpg,a_noamd,a_noamd,0.729299,0.270701
../../../data/data_ADAM/test/a_noamd/V0174.jpg,a_noamd,a_noamd,0.909513,0.090487
../../../data/data_ADAM/test/a_noamd/V0175.jpg,a_noamd,a_noamd,0.560699,0.439301
../../../data/data_ADAM/test/a_noamd/V0176.jpg,a_noamd,b_amd,0.444621,0.555379
../../../data/data_ADAM/test/a_noamd/V0177.jpg,a_noamd,a_noamd,0.762406,0.237594
../../../data/data_ADAM/test/a_noamd/V0178.jpg,a_noamd,a_noamd,0.708908,0.291091
../../../data/data_ADAM/test/a_noamd/V0179.jpg,a_noamd,a_noamd,0.917082,0.082918
../../../data/data_ADAM/test/a_noamd/V0181.jpg,a_noamd,a_noamd,0.947003,0.052997
../../../data/data_ADAM/test/a_noamd/V0183.jpg,a_noamd,a_noamd,0.605629,0.394371
../../../data/data_ADAM/test/a_noamd/V0184.jpg,a_noamd,a_noamd,0.814840,0.185160
../../../data/data_ADAM/test/a_noamd/V0185.jpg,a_noamd,a_noamd,0.795937,0.204063
../../../data/data_ADAM/test/a_noamd/V0186.jpg,a_noamd,a_noamd,0.903125,0.096875
../../../data/data_ADAM/test/a_noamd/V0189.jpg,a_noamd,b_amd,0.309129,0.690871
../../../data/data_ADAM/test/a_noamd/V0191.jpg,a_noamd,a_noamd,0.897820,0.102180
../../../data/data_ADAM/test/a_noamd/V0192.jpg,a_noamd,a_noamd,0.648267,0.351733
../../../data/data_ADAM/test/a_noamd/V0193.jpg,a_noamd,a_noamd,0.502460,0.497540
../../../data/data_ADAM/test/a_noamd/V0194.jpg,a_noamd,b_amd,0.406104,0.593896
../../../data/data_ADAM/test/a_noamd/V0195.jpg,a_noamd,a_noamd,0.795158,0.204842
../../../data/data_ADAM/test/a_noamd/V0197.jpg,a_noamd,a_noamd,0.930309,0.069691
../../../data/data_ADAM/test/a_noamd/V0198.jpg,a_noamd,a_noamd,0.910663,0.089337
../../../data/data_ADAM/test/a_noamd/V0199.jpg,a_noamd,a_noamd,0.936906,0.063094
../../../data/data_ADAM/test/a_noamd/V0200.jpg,a_noamd,a_noamd,0.817486,0.182514
../../../data/data_ADAM/test/a_noamd/V0201.jpg,a_noamd,a_noamd,0.887035,0.112965
../../../data/data_ADAM/test/a_noamd/V0202.jpg,a_noamd,a_noamd,0.946817,0.053183
../../../data/data_ADAM/test/a_noamd/V0203.jpg,a_noamd,b_amd,0.493912,0.506087
../../../data/data_ADAM/test/a_noamd/V0204.jpg,a_noamd,a_noamd,0.914099,0.085901
../../../data/data_ADAM/test/a_noamd/V0205.jpg,a_noamd,a_noamd,0.895197,0.104803
../../../data/data_ADAM/test/a_noamd/V0206.jpg,a_noamd,b_amd,0.493365,0.506635
../../../data/data_ADAM/test/a_noamd/V0207.jpg,a_noamd,a_noamd,0.838293,0.161707
../../../data/data_ADAM/test/a_noamd/V0208.jpg,a_noamd,a_noamd,0.832739,0.167261
../../../data/data_ADAM/test/a_noamd/V0209.jpg,a_noamd,a_noamd,0.500417,0.499583
../../../data/data_ADAM/test/a_noamd/V0210.jpg,a_noamd,a_noamd,0.868491,0.131509
../../../data/data_ADAM/test/a_noamd/V0211.jpg,a_noamd,a_noamd,0.864807,0.135193
../../../data/data_ADAM/test/a_noamd/V0212.jpg,a_noamd,a_noamd,0.921523,0.078477
../../../data/data_ADAM/test/a_noamd/V0213.jpg,a_noamd,a_noamd,0.617430,0.382570
../../../data/data_ADAM/test/a_noamd/V0214.jpg,a_noamd,a_noamd,0.634171,0.365829
../../../data/data_ADAM/test/a_noamd/V0215.jpg,a_noamd,a_noamd,0.643381,0.356619
../../../data/data_ADAM/test/a_noamd/V0216.jpg,a_noamd,a_noamd,0.670896,0.329104
../../../data/data_ADAM/test/a_noamd/V0217.jpg,a_noamd,a_noamd,0.929685,0.070315
../../../data/data_ADAM/test/a_noamd/V0219.jpg,a_noamd,a_noamd,0.723867,0.276133
../../../data/data_ADAM/test/a_noamd/V0220.jpg,a_noamd,a_noamd,0.908699,0.091301
../../../data/data_ADAM/test/a_noamd/V0221.jpg,a_noamd,a_noamd,0.795581,0.204419
../../../data/data_ADAM/test/a_noamd/V0222.jpg,a_noamd,b_amd,0.112165,0.887835
../../../data/data_ADAM/test/a_noamd/V0223.jpg,a_noamd,b_amd,0.366578,0.633422
../../../data/data_ADAM/test/a_noamd/V0224.jpg,a_noamd,b_amd,0.214040,0.785960
../../../data/data_ADAM/test/a_noamd/V0225.jpg,a_noamd,a_noamd,0.904776,0.095224
../../../data/data_ADAM/test/a_noamd/V0226.jpg,a_noamd,a_noamd,0.695984,0.304016
../../../data/data_ADAM/test/a_noamd/V0228.jpg,a_noamd,a_noamd,0.933532,0.066468
../../../data/data_ADAM/test/a_noamd/V0229.jpg,a_noamd,a_noamd,0.878532,0.121468
../../../data/data_ADAM/test/a_noamd/V0230.jpg,a_noamd,a_noamd,0.821371,0.178629
../../../data/data_ADAM/test/a_noamd/V0231.jpg,a_noamd,a_noamd,0.827258,0.172742
../../../data/data_ADAM/test/a_noamd/V0232.jpg,a_noamd,a_noamd,0.914511,0.085489
../../../data/data_ADAM/test/a_noamd/V0234.jpg,a_noamd,a_noamd,0.514343,0.485657
../../../data/data_ADAM/test/a_noamd/V0235.jpg,a_noamd,b_amd,0.240133,0.759867
../../../data/data_ADAM/test/a_noamd/V0236.jpg,a_noamd,a_noamd,0.886148,0.113852
../../../data/data_ADAM/test/a_noamd/V0238.jpg,a_noamd,a_noamd,0.528821,0.471179
../../../data/data_ADAM/test/a_noamd/V0239.jpg,a_noamd,b_amd,0.130980,0.869020
../../../data/data_ADAM/test/a_noamd/V0240.jpg,a_noamd,a_noamd,0.828976,0.171024
../../../data/data_ADAM/test/a_noamd/V0241.jpg,a_noamd,a_noamd,0.804355,0.195645
../../../data/data_ADAM/test/a_noamd/V0242.jpg,a_noamd,b_amd,0.213556,0.786444
../../../data/data_ADAM/test/a_noamd/V0243.jpg,a_noamd,a_noamd,0.846105,0.153895
../../../data/data_ADAM/test/a_noamd/V0244.jpg,a_noamd,a_noamd,0.627594,0.372406
../../../data/data_ADAM/test/a_noamd/V0246.jpg,a_noamd,a_noamd,0.815307,0.184693
../../../data/data_ADAM/test/a_noamd/V0247.jpg,a_noamd,a_noamd,0.865029,0.134971
../../../data/data_ADAM/test/a_noamd/V0249.jpg,a_noamd,a_noamd,0.889078,0.110922
../../../data/data_ADAM/test/a_noamd/V0250.jpg,a_noamd,a_noamd,0.922219,0.077781
../../../data/data_ADAM/test/a_noamd/V0252.jpg,a_noamd,a_noamd,0.731830,0.268170
../../../data/data_ADAM/test/a_noamd/V0253.jpg,a_noamd,a_noamd,0.925140,0.074860
../../../data/data_ADAM/test/a_noamd/V0254.jpg,a_noamd,a_noamd,0.778550,0.221450
../../../data/data_ADAM/test/a_noamd/V0255.jpg,a_noamd,a_noamd,0.858619,0.141381
../../../data/data_ADAM/test/a_noamd/V0256.jpg,a_noamd,a_noamd,0.799574,0.200426
../../../data/data_ADAM/test/a_noamd/V0257.jpg,a_noamd,a_noamd,0.702894,0.297106
../../../data/data_ADAM/test/a_noamd/V0259.jpg,a_noamd,a_noamd,0.610053,0.389947
../../../data/data_ADAM/test/a_noamd/V0260.jpg,a_noamd,a_noamd,0.925430,0.074570
../../../data/data_ADAM/test/a_noamd/V0261.jpg,a_noamd,a_noamd,0.860252,0.139748
../../../data/data_ADAM/test/a_noamd/V0262.jpg,a_noamd,a_noamd,0.904073,0.095927
../../../data/data_ADAM/test/a_noamd/V0263.jpg,a_noamd,a_noamd,0.760163,0.239837
../../../data/data_ADAM/test/a_noamd/V0265.jpg,a_noamd,a_noamd,0.917984,0.082016
../../../data/data_ADAM/test/a_noamd/V0266.jpg,a_noamd,b_amd,0.160081,0.839919
../../../data/data_ADAM/test/a_noamd/V0268.jpg,a_noamd,b_amd,0.236676,0.763324
../../../data/data_ADAM/test/a_noamd/V0270.jpg,a_noamd,a_noamd,0.779808,0.220192
../../../data/data_ADAM/test/a_noamd/V0271.jpg,a_noamd,b_amd,0.381797,0.618203
../../../data/data_ADAM/test/a_noamd/V0272.jpg,a_noamd,a_noamd,0.778629,0.221371
../../../data/data_ADAM/test/a_noamd/V0273.jpg,a_noamd,a_noamd,0.900219,0.099781
../../../data/data_ADAM/test/a_noamd/V0274.jpg,a_noamd,a_noamd,0.571911,0.428089
../../../data/data_ADAM/test/a_noamd/V0275.jpg,a_noamd,a_noamd,0.511765,0.488235
../../../data/data_ADAM/test/a_noamd/V0276.jpg,a_noamd,a_noamd,0.914057,0.085943
../../../data/data_ADAM/test/a_noamd/V0277.jpg,a_noamd,a_noamd,0.822984,0.177016
../../../data/data_ADAM/test/a_noamd/V0278.jpg,a_noamd,a_noamd,0.885443,0.114557
../../../data/data_ADAM/test/a_noamd/V0279.jpg,a_noamd,a_noamd,0.828849,0.171151
../../../data/data_ADAM/test/a_noamd/V0280.jpg,a_noamd,a_noamd,0.781411,0.218589
../../../data/data_ADAM/test/a_noamd/V0283.jpg,a_noamd,a_noamd,0.902680,0.097320
../../../data/data_ADAM/test/a_noamd/V0285.jpg,a_noamd,b_amd,0.208657,0.791343
../../../data/data_ADAM/test/a_noamd/V0286.jpg,a_noamd,a_noamd,0.691469,0.308530
../../../data/data_ADAM/test/a_noamd/V0287.jpg,a_noamd,a_noamd,0.523532,0.476468
../../../data/data_ADAM/test/a_noamd/V0288.jpg,a_noamd,a_noamd,0.854922,0.145078
../../../data/data_ADAM/test/a_noamd/V0289.jpg,a_noamd,a_noamd,0.852036,0.147964
../../../data/data_ADAM/test/a_noamd/V0290.jpg,a_noamd,a_noamd,0.821519,0.178481
../../../data/data_ADAM/test/a_noamd/V0291.jpg,a_noamd,b_amd,0.092060,0.907940
../../../data/data_ADAM/test/a_noamd/V0292.jpg,a_noamd,b_amd,0.335327,0.664673
../../../data/data_ADAM/test/a_noamd/V0293.jpg,a_noamd,b_amd,0.312697,0.687303
../../../data/data_ADAM/test/a_noamd/V0294.jpg,a_noamd,a_noamd,0.920763,0.079237
../../../data/data_ADAM/test/a_noamd/V0295.jpg,a_noamd,a_noamd,0.823068,0.176932
../../../data/data_ADAM/test/a_noamd/V0296.jpg,a_noamd,a_noamd,0.892736,0.107264
../../../data/data_ADAM/test/a_noamd/V0298.jpg,a_noamd,a_noamd,0.882450,0.117550
../../../data/data_ADAM/test/a_noamd/V0299.jpg,a_noamd,a_noamd,0.832269,0.167731
../../../data/data_ADAM/test/a_noamd/V0300.jpg,a_noamd,a_noamd,0.919014,0.080986
../../../data/data_ADAM/test/a_noamd/V0301.jpg,a_noamd,a_noamd,0.830097,0.169903
../../../data/data_ADAM/test/a_noamd/V0302.jpg,a_noamd,a_noamd,0.893897,0.106103
../../../data/data_ADAM/test/a_noamd/V0303.jpg,a_noamd,a_noamd,0.775555,0.224445
../../../data/data_ADAM/test/a_noamd/V0304.jpg,a_noamd,a_noamd,0.870373,0.129627
../../../data/data_ADAM/test/a_noamd/V0305.jpg,a_noamd,a_noamd,0.854391,0.145609
../../../data/data_ADAM/test/a_noamd/V0306.jpg,a_noamd,a_noamd,0.891313,0.108687
../../../data/data_ADAM/test/a_noamd/V0307.jpg,a_noamd,a_noamd,0.911177,0.088823
../../../data/data_ADAM/test/a_noamd/V0308.jpg,a_noamd,a_noamd,0.785278,0.214722
../../../data/data_ADAM/test/a_noamd/V0309.jpg,a_noamd,b_amd,0.221705,0.778295
../../../data/data_ADAM/test/a_noamd/V0310.jpg,a_noamd,b_amd,0.119525,0.880475
../../../data/data_ADAM/test/a_noamd/V0311.jpg,a_noamd,a_noamd,0.771963,0.228037
../../../data/data_ADAM/test/a_noamd/V0312.jpg,a_noamd,a_noamd,0.893342,0.106658
../../../data/data_ADAM/test/a_noamd/V0313.jpg,a_noamd,a_noamd,0.795921,0.204079
../../../data/data_ADAM/test/a_noamd/V0314.jpg,a_noamd,a_noamd,0.884720,0.115280
../../../data/data_ADAM/test/a_noamd/V0315.jpg,a_noamd,a_noamd,0.735928,0.264072
../../../data/data_ADAM/test/a_noamd/V0316.jpg,a_noamd,a_noamd,0.784139,0.215861
../../../data/data_ADAM/test/a_noamd/V0317.jpg,a_noamd,b_amd,0.146653,0.853347
../../../data/data_ADAM/test/a_noamd/V0318.jpg,a_noamd,a_noamd,0.836521,0.163479
../../../data/data_ADAM/test/a_noamd/V0320.jpg,a_noamd,a_noamd,0.875231,0.124769
../../../data/data_ADAM/test/a_noamd/V0321.jpg,a_noamd,b_amd,0.495850,0.504150
../../../data/data_ADAM/test/a_noamd/V0322.jpg,a_noamd,a_noamd,0.882910,0.117090
../../../data/data_ADAM/test/a_noamd/V0324.jpg,a_noamd,a_noamd,0.844902,0.155098
../../../data/data_ADAM/test/a_noamd/V0325.jpg,a_noamd,b_amd,0.348728,0.651272
../../../data/data_ADAM/test/a_noamd/V0328.jpg,a_noamd,a_noamd,0.687941,0.312059
../../../data/data_ADAM/test/a_noamd/V0329.jpg,a_noamd,a_noamd,0.666522,0.333478
../../../data/data_ADAM/test/a_noamd/V0332.jpg,a_noamd,a_noamd,0.929187,0.070813
../../../data/data_ADAM/test/a_noamd/V0333.jpg,a_noamd,b_amd,0.305774,0.694226
../../../data/data_ADAM/test/a_noamd/V0335.jpg,a_noamd,b_amd,0.198498,0.801503
../../../data/data_ADAM/test/a_noamd/V0336.jpg,a_noamd,a_noamd,0.800397,0.199603
../../../data/data_ADAM/test/a_noamd/V0338.jpg,a_noamd,a_noamd,0.783747,0.216253
../../../data/data_ADAM/test/a_noamd/V0339.jpg,a_noamd,a_noamd,0.857273,0.142727
../../../data/data_ADAM/test/a_noamd/V0340.jpg,a_noamd,a_noamd,0.614683,0.385317
../../../data/data_ADAM/test/a_noamd/V0341.jpg,a_noamd,a_noamd,0.884966,0.115034
../../../data/data_ADAM/test/a_noamd/V0342.jpg,a_noamd,a_noamd,0.690024,0.309976
../../../data/data_ADAM/test/a_noamd/V0343.jpg,a_noamd,a_noamd,0.841727,0.158273
../../../data/data_ADAM/test/a_noamd/V0345.jpg,a_noamd,a_noamd,0.856814,0.143186
../../../data/data_ADAM/test/a_noamd/V0346.jpg,a_noamd,a_noamd,0.889192,0.110809
../../../data/data_ADAM/test/a_noamd/V0347.jpg,a_noamd,a_noamd,0.896303,0.103697
../../../data/data_ADAM/test/a_noamd/V0348.jpg,a_noamd,a_noamd,0.847796,0.152204
../../../data/data_ADAM/test/a_noamd/V0349.jpg,a_noamd,a_noamd,0.818042,0.181958
../../../data/data_ADAM/test/a_noamd/V0350.jpg,a_noamd,b_amd,0.265157,0.734843
../../../data/data_ADAM/test/a_noamd/V0351.jpg,a_noamd,a_noamd,0.834171,0.165829
../../../data/data_ADAM/test/a_noamd/V0353.jpg,a_noamd,a_noamd,0.718314,0.281686
../../../data/data_ADAM/test/a_noamd/V0355.jpg,a_noamd,a_noamd,0.918743,0.081257
../../../data/data_ADAM/test/a_noamd/V0356.jpg,a_noamd,b_amd,0.415370,0.584630
../../../data/data_ADAM/test/a_noamd/V0358.jpg,a_noamd,a_noamd,0.840588,0.159412
../../../data/data_ADAM/test/a_noamd/V0359.jpg,a_noamd,b_amd,0.241931,0.758069
../../../data/data_ADAM/test/a_noamd/V0361.jpg,a_noamd,a_noamd,0.925136,0.074864
../../../data/data_ADAM/test/a_noamd/V0362.jpg,a_noamd,b_amd,0.082090,0.917910
../../../data/data_ADAM/test/a_noamd/V0364.jpg,a_noamd,a_noamd,0.883322,0.116678
../../../data/data_ADAM/test/a_noamd/V0365.jpg,a_noamd,b_amd,0.217007,0.782993
../../../data/data_ADAM/test/a_noamd/V0366.jpg,a_noamd,b_amd,0.343007,0.656992
../../../data/data_ADAM/test/a_noamd/V0367.jpg,a_noamd,a_noamd,0.592138,0.407862
../../../data/data_ADAM/test/a_noamd/V0370.jpg,a_noamd,a_noamd,0.862531,0.137469
../../../data/data_ADAM/test/a_noamd/V0371.jpg,a_noamd,a_noamd,0.877853,0.122147
../../../data/data_ADAM/test/a_noamd/V0372.jpg,a_noamd,a_noamd,0.819659,0.180341
../../../data/data_ADAM/test/a_noamd/V0373.jpg,a_noamd,a_noamd,0.907498,0.092502
../../../data/data_ADAM/test/a_noamd/V0374.jpg,a_noamd,a_noamd,0.777159,0.222841
../../../data/data_ADAM/test/a_noamd/V0376.jpg,a_noamd,a_noamd,0.885081,0.114919
../../../data/data_ADAM/test/a_noamd/V0377.jpg,a_noamd,a_noamd,0.621228,0.378772
../../../data/data_ADAM/test/a_noamd/V0378.jpg,a_noamd,a_noamd,0.911205,0.088795
../../../data/data_ADAM/test/a_noamd/V0381.jpg,a_noamd,a_noamd,0.913863,0.086137
../../../data/data_ADAM/test/a_noamd/V0382.jpg,a_noamd,a_noamd,0.825664,0.174336
../../../data/data_ADAM/test/a_noamd/V0383.jpg,a_noamd,a_noamd,0.657175,0.342825
../../../data/data_ADAM/test/a_noamd/V0384.jpg,a_noamd,a_noamd,0.582365,0.417635
../../../data/data_ADAM/test/a_noamd/V0385.jpg,a_noamd,a_noamd,0.895033,0.104967
../../../data/data_ADAM/test/a_noamd/V0386.jpg,a_noamd,b_amd,0.441122,0.558878
../../../data/data_ADAM/test/a_noamd/V0387.jpg,a_noamd,a_noamd,0.922680,0.077320
../../../data/data_ADAM/test/a_noamd/V0389.jpg,a_noamd,a_noamd,0.723800,0.276200
../../../data/data_ADAM/test/a_noamd/V0391.jpg,a_noamd,a_noamd,0.772686,0.227314
../../../data/data_ADAM/test/a_noamd/V0393.jpg,a_noamd,a_noamd,0.874889,0.125111
../../../data/data_ADAM/test/a_noamd/V0394.jpg,a_noamd,a_noamd,0.921649,0.078351
../../../data/data_ADAM/test/a_noamd/V0395.jpg,a_noamd,a_noamd,0.864443,0.135557
../../../data/data_ADAM/test/a_noamd/V0396.jpg,a_noamd,a_noamd,0.882407,0.117593
../../../data/data_ADAM/test/a_noamd/V0398.jpg,a_noamd,a_noamd,0.792687,0.207313
../../../data/data_ADAM/test/a_noamd/V0400.jpg,a_noamd,a_noamd,0.664298,0.335702
../../../data/data_ADAM/test/b_amd/A0001.jpg,b_amd,b_amd,0.129041,0.870959
../../../data/data_ADAM/test/b_amd/A0002.jpg,b_amd,b_amd,0.103856,0.896144
../../../data/data_ADAM/test/b_amd/A0003.jpg,b_amd,b_amd,0.205711,0.794289
../../../data/data_ADAM/test/b_amd/A0004.jpg,b_amd,b_amd,0.117816,0.882184
../../../data/data_ADAM/test/b_amd/A0005.jpg,b_amd,b_amd,0.198626,0.801374
../../../data/data_ADAM/test/b_amd/A0006.jpg,b_amd,a_noamd,0.656191,0.343809
../../../data/data_ADAM/test/b_amd/A0007.jpg,b_amd,b_amd,0.124708,0.875292
../../../data/data_ADAM/test/b_amd/A0008.jpg,b_amd,b_amd,0.206368,0.793632
../../../data/data_ADAM/test/b_amd/A0009.jpg,b_amd,b_amd,0.099608,0.900392
../../../data/data_ADAM/test/b_amd/A0010.jpg,b_amd,b_amd,0.110015,0.889985
../../../data/data_ADAM/test/b_amd/A0011.jpg,b_amd,b_amd,0.173169,0.826831
../../../data/data_ADAM/test/b_amd/A0012.jpg,b_amd,b_amd,0.157231,0.842769
../../../data/data_ADAM/test/b_amd/A0013.jpg,b_amd,b_amd,0.206242,0.793758
../../../data/data_ADAM/test/b_amd/A0014.jpg,b_amd,a_noamd,0.910318,0.089682
../../../data/data_ADAM/test/b_amd/A0015.jpg,b_amd,b_amd,0.179522,0.820478
../../../data/data_ADAM/test/b_amd/A0016.jpg,b_amd,b_amd,0.131083,0.868917
../../../data/data_ADAM/test/b_amd/A0017.jpg,b_amd,b_amd,0.143992,0.856008
../../../data/data_ADAM/test/b_amd/A0018.jpg,b_amd,a_noamd,0.648657,0.351343
../../../data/data_ADAM/test/b_amd/A0019.jpg,b_amd,b_amd,0.144628,0.855372
../../../data/data_ADAM/test/b_amd/A0020.jpg,b_amd,b_amd,0.073675,0.926325
../../../data/data_ADAM/test/b_amd/A0021.jpg,b_amd,b_amd,0.272357,0.727643
../../../data/data_ADAM/test/b_amd/A0022.jpg,b_amd,b_amd,0.167740,0.832260
../../../data/data_ADAM/test/b_amd/A0023.jpg,b_amd,b_amd,0.192597,0.807403
../../../data/data_ADAM/test/b_amd/A0024.jpg,b_amd,a_noamd,0.645605,0.354395
../../../data/data_ADAM/test/b_amd/A0025.jpg,b_amd,a_noamd,0.583535,0.416465
../../../data/data_ADAM/test/b_amd/A0026.jpg,b_amd,a_noamd,0.686418,0.313582
../../../data/data_ADAM/test/b_amd/A0027.jpg,b_amd,b_amd,0.094786,0.905214
../../../data/data_ADAM/test/b_amd/A0028.jpg,b_amd,b_amd,0.081048,0.918952
../../../data/data_ADAM/test/b_amd/A0029.jpg,b_amd,b_amd,0.265571,0.734429
../../../data/data_ADAM/test/b_amd/A0030.jpg,b_amd,b_amd,0.416932,0.583068
../../../data/data_ADAM/test/b_amd/A0031.jpg,b_amd,b_amd,0.191150,0.808850
../../../data/data_ADAM/test/b_amd/A0032.jpg,b_amd,b_amd,0.082133,0.917867
../../../data/data_ADAM/test/b_amd/A0033.jpg,b_amd,b_amd,0.097068,0.902932
../../../data/data_ADAM/test/b_amd/A0034.jpg,b_amd,b_amd,0.184694,0.815306
../../../data/data_ADAM/test/b_amd/A0035.jpg,b_amd,b_amd,0.092094,0.907906
../../../data/data_ADAM/test/b_amd/A0036.jpg,b_amd,b_amd,0.074064,0.925936
../../../data/data_ADAM/test/b_amd/A0037.jpg,b_amd,b_amd,0.107347,0.892653
../../../data/data_ADAM/test/b_amd/A0038.jpg,b_amd,b_amd,0.414293,0.585707
../../../data/data_ADAM/test/b_amd/A0039.jpg,b_amd,a_noamd,0.563995,0.436005
../../../data/data_ADAM/test/b_amd/A0040.jpg,b_amd,a_noamd,0.747387,0.252613
../../../data/data_ADAM/test/b_amd/A0041.jpg,b_amd,a_noamd,0.703294,0.296706
../../../data/data_ADAM/test/b_amd/A0042.jpg,b_amd,a_noamd,0.656897,0.343103
../../../data/data_ADAM/test/b_amd/A0043.jpg,b_amd,b_amd,0.077746,0.922254
../../../data/data_ADAM/test/b_amd/A0044.jpg,b_amd,b_amd,0.137128,0.862872
../../../data/data_ADAM/test/b_amd/A0045.jpg,b_amd,a_noamd,0.550256,0.449744
../../../data/data_ADAM/test/b_amd/A0046.jpg,b_amd,b_amd,0.142083,0.857917
../../../data/data_ADAM/test/b_amd/A0047.jpg,b_amd,a_noamd,0.552342,0.447658
../../../data/data_ADAM/test/b_amd/A0048.jpg,b_amd,b_amd,0.063151,0.936849
../../../data/data_ADAM/test/b_amd/A0049.jpg,b_amd,b_amd,0.086787,0.913213
../../../data/data_ADAM/test/b_amd/A0050.jpg,b_amd,b_amd,0.064250,0.935750
../../../data/data_ADAM/test/b_amd/A0051.jpg,b_amd,b_amd,0.495850,0.504150
../../../data/data_ADAM/test/b_amd/A0052.jpg,b_amd,b_amd,0.193166,0.806834
../../../data/data_ADAM/test/b_amd/A0053.jpg,b_amd,b_amd,0.160328,0.839672
../../../data/data_ADAM/test/b_amd/A0054.jpg,b_amd,b_amd,0.219580,0.780420
../../../data/data_ADAM/test/b_amd/A0055.jpg,b_amd,a_noamd,0.553350,0.446650
../../../data/data_ADAM/test/b_amd/A0056.jpg,b_amd,b_amd,0.068424,0.931576
../../../data/data_ADAM/test/b_amd/A0057.jpg,b_amd,b_amd,0.074140,0.925860
../../../data/data_ADAM/test/b_amd/A0058.jpg,b_amd,b_amd,0.219780,0.780221
../../../data/data_ADAM/test/b_amd/A0059.jpg,b_amd,b_amd,0.409184,0.590816
../../../data/data_ADAM/test/b_amd/A0060.jpg,b_amd,b_amd,0.125317,0.874683
../../../data/data_ADAM/test/b_amd/A0061.jpg,b_amd,b_amd,0.173671,0.826330
../../../data/data_ADAM/test/b_amd/A0062.jpg,b_amd,b_amd,0.092146,0.907854
../../../data/data_ADAM/test/b_amd/A0063.jpg,b_amd,b_amd,0.153096,0.846904
../../../data/data_ADAM/test/b_amd/A0064.jpg,b_amd,b_amd,0.389195,0.610805
../../../data/data_ADAM/test/b_amd/A0065.jpg,b_amd,b_amd,0.404986,0.595014
../../../data/data_ADAM/test/b_amd/A0066.jpg,b_amd,b_amd,0.059615,0.940385
../../../data/data_ADAM/test/b_amd/A0067.jpg,b_amd,b_amd,0.063319,0.936681
../../../data/data_ADAM/test/b_amd/A0068.jpg,b_amd,b_amd,0.095090,0.904910
../../../data/data_ADAM/test/b_amd/A0069.jpg,b_amd,b_amd,0.127981,0.872019
../../../data/data_ADAM/test/b_amd/A0070.jpg,b_amd,b_amd,0.130675,0.869325
../../../data/data_ADAM/test/b_amd/A0071.jpg,b_amd,b_amd,0.077696,0.922304
../../../data/data_ADAM/test/b_amd/A0072.jpg,b_amd,b_amd,0.067292,0.932708
../../../data/data_ADAM/test/b_amd/A0073.jpg,b_amd,b_amd,0.457415,0.542585
../../../data/data_ADAM/test/b_amd/A0074.jpg,b_amd,b_amd,0.166405,0.833595
../../../data/data_ADAM/test/b_amd/A0075.jpg,b_amd,b_amd,0.127756,0.872244
../../../data/data_ADAM/test/b_amd/A0076.jpg,b_amd,b_amd,0.119230,0.880770
../../../data/data_ADAM/test/b_amd/A0077.jpg,b_amd,b_amd,0.079172,0.920828
../../../data/data_ADAM/test/b_amd/A0078.jpg,b_amd,a_noamd,0.601664,0.398336
../../../data/data_ADAM/test/b_amd/A0079.jpg,b_amd,a_noamd,0.911678,0.088322
../../../data/data_ADAM/test/b_amd/A0080.jpg,b_amd,b_amd,0.100297,0.899703
../../../data/data_ADAM/test/b_amd/A0081.jpg,b_amd,b_amd,0.209886,0.790114
../../../data/data_ADAM/test/b_amd/A0082.jpg,b_amd,a_noamd,0.520070,0.479930
../../../data/data_ADAM/test/b_amd/A0083.jpg,b_amd,b_amd,0.351854,0.648146
../../../data/data_ADAM/test/b_amd/A0084.jpg,b_amd,b_amd,0.262971,0.737029
../../../data/data_ADAM/test/b_amd/A0085.jpg,b_amd,b_amd,0.341500,0.658500
../../../data/data_ADAM/test/b_amd/A0086.jpg,b_amd,b_amd,0.129391,0.870609
../../../data/data_ADAM/test/b_amd/A0087.jpg,b_amd,b_amd,0.099397,0.900603
../../../data/data_ADAM/test/b_amd/A0088.jpg,b_amd,b_amd,0.119263,0.880737
../../../data/data_ADAM/test/b_amd/A0089.jpg,b_amd,b_amd,0.095835,0.904165
../../../data/data_ADAM/test/b_amd/T0003.jpg,b_amd,b_amd,0.311497,0.688503
../../../data/data_ADAM/test/b_amd/T0004.jpg,b_amd,b_amd,0.139946,0.860054
../../../data/data_ADAM/test/b_amd/T0010.jpg,b_amd,b_amd,0.171191,0.828809
../../../data/data_ADAM/test/b_amd/T0015.jpg,b_amd,b_amd,0.163451,0.836549
../../../data/data_ADAM/test/b_amd/T0021.jpg,b_amd,b_amd,0.221271,0.778729
../../../data/data_ADAM/test/b_amd/T0024.jpg,b_amd,b_amd,0.450069,0.549931
../../../data/data_ADAM/test/b_amd/T0026.jpg,b_amd,b_amd,0.065302,0.934698
../../../data/data_ADAM/test/b_amd/T0030.jpg,b_amd,b_amd,0.086111,0.913889
../../../data/data_ADAM/test/b_amd/T0038.jpg,b_amd,b_amd,0.099129,0.900871
../../../data/data_ADAM/test/b_amd/T0043.jpg,b_amd,a_noamd,0.607758,0.392242
../../../data/data_ADAM/test/b_amd/T0045.jpg,b_amd,b_amd,0.205247,0.794753
../../../data/data_ADAM/test/b_amd/T0048.jpg,b_amd,b_amd,0.089153,0.910848
../../../data/data_ADAM/test/b_amd/T0051.jpg,b_amd,b_amd,0.126774,0.873226
../../../data/data_ADAM/test/b_amd/T0052.jpg,b_amd,b_amd,0.074185,0.925815
../../../data/data_ADAM/test/b_amd/T0053.jpg,b_amd,b_amd,0.241619,0.758381
../../../data/data_ADAM/test/b_amd/T0056.jpg,b_amd,b_amd,0.321452,0.678548
../../../data/data_ADAM/test/b_amd/T0057.jpg,b_amd,b_amd,0.214737,0.785263
../../../data/data_ADAM/test/b_amd/T0059.jpg,b_amd,a_noamd,0.844071,0.155929
../../../data/data_ADAM/test/b_amd/T0071.jpg,b_amd,b_amd,0.158060,0.841940
../../../data/data_ADAM/test/b_amd/T0072.jpg,b_amd,b_amd,0.113625,0.886375
../../../data/data_ADAM/test/b_amd/T0073.jpg,b_amd,a_noamd,0.910169,0.089831
../../../data/data_ADAM/test/b_amd/T0083.jpg,b_amd,b_amd,0.217754,0.782246
../../../data/data_ADAM/test/b_amd/T0086.jpg,b_amd,a_noamd,0.641028,0.358972
../../../data/data_ADAM/test/b_amd/T0089.jpg,b_amd,b_amd,0.135110,0.864890
../../../data/data_ADAM/test/b_amd/T0105.jpg,b_amd,b_amd,0.139809,0.860191
../../../data/data_ADAM/test/b_amd/T0107.jpg,b_amd,b_amd,0.141418,0.858582
../../../data/data_ADAM/test/b_amd/T0112.jpg,b_amd,a_noamd,0.553652,0.446348
../../../data/data_ADAM/test/b_amd/T0118.jpg,b_amd,b_amd,0.141467,0.858533
../../../data/data_ADAM/test/b_amd/T0120.jpg,b_amd,b_amd,0.477223,0.522777
../../../data/data_ADAM/test/b_amd/T0127.jpg,b_amd,b_amd,0.146884,0.853116
../../../data/data_ADAM/test/b_amd/T0129.jpg,b_amd,b_amd,0.173958,0.826042
../../../data/data_ADAM/test/b_amd/T0134.jpg,b_amd,a_noamd,0.804651,0.195349
../../../data/data_ADAM/test/b_amd/T0147.jpg,b_amd,b_amd,0.156989,0.843011
../../../data/data_ADAM/test/b_amd/T0148.jpg,b_amd,b_amd,0.094575,0.905425
../../../data/data_ADAM/test/b_amd/T0150.jpg,b_amd,a_noamd,0.774209,0.225791
../../../data/data_ADAM/test/b_amd/T0152.jpg,b_amd,b_amd,0.083096,0.916903
../../../data/data_ADAM/test/b_amd/T0154.jpg,b_amd,b_amd,0.091950,0.908050
../../../data/data_ADAM/test/b_amd/T0159.jpg,b_amd,b_amd,0.433982,0.566018
../../../data/data_ADAM/test/b_amd/T0164.jpg,b_amd,b_amd,0.119045,0.880955
../../../data/data_ADAM/test/b_amd/T0165.jpg,b_amd,b_amd,0.131490,0.868510
../../../data/data_ADAM/test/b_amd/T0166.jpg,b_amd,b_amd,0.102749,0.897251
../../../data/data_ADAM/test/b_amd/T0170.jpg,b_amd,b_amd,0.153538,0.846462
../../../data/data_ADAM/test/b_amd/T0172.jpg,b_amd,b_amd,0.156146,0.843854
../../../data/data_ADAM/test/b_amd/T0176.jpg,b_amd,b_amd,0.238559,0.761441
../../../data/data_ADAM/test/b_amd/T0183.jpg,b_amd,b_amd,0.125423,0.874578
../../../data/data_ADAM/test/b_amd/T0188.jpg,b_amd,b_amd,0.178497,0.821503
../../../data/data_ADAM/test/b_amd/T0189.jpg,b_amd,b_amd,0.203413,0.796587
../../../data/data_ADAM/test/b_amd/T0190.jpg,b_amd,b_amd,0.098775,0.901225
../../../data/data_ADAM/test/b_amd/T0193.jpg,b_amd,b_amd,0.114375,0.885625
../../../data/data_ADAM/test/b_amd/T0198.jpg,b_amd,a_noamd,0.899584,0.100416
../../../data/data_ADAM/test/b_amd/T0201.jpg,b_amd,b_amd,0.109394,0.890606
../../../data/data_ADAM/test/b_amd/T0209.jpg,b_amd,b_amd,0.113759,0.886241
../../../data/data_ADAM/test/b_amd/T0219.jpg,b_amd,b_amd,0.111956,0.888044
../../../data/data_ADAM/test/b_amd/T0226.jpg,b_amd,b_amd,0.213577,0.786423
../../../data/data_ADAM/test/b_amd/T0227.jpg,b_amd,b_amd,0.185888,0.814112
../../../data/data_ADAM/test/b_amd/T0237.jpg,b_amd,b_amd,0.186477,0.813523
../../../data/data_ADAM/test/b_amd/T0244.jpg,b_amd,b_amd,0.137940,0.862060
../../../data/data_ADAM/test/b_amd/T0245.jpg,b_amd,b_amd,0.165781,0.834219
../../../data/data_ADAM/test/b_amd/T0247.jpg,b_amd,b_amd,0.090397,0.909603
../../../data/data_ADAM/test/b_amd/T0252.jpg,b_amd,b_amd,0.212904,0.787096
../../../data/data_ADAM/test/b_amd/T0254.jpg,b_amd,b_amd,0.087537,0.912463
../../../data/data_ADAM/test/b_amd/T0255.jpg,b_amd,b_amd,0.093187,0.906813
../../../data/data_ADAM/test/b_amd/T0258.jpg,b_amd,b_amd,0.094646,0.905354
../../../data/data_ADAM/test/b_amd/T0261.jpg,b_amd,b_amd,0.122690,0.877310
../../../data/data_ADAM/test/b_amd/T0286.jpg,b_amd,b_amd,0.117086,0.882914
../../../data/data_ADAM/test/b_amd/T0291.jpg,b_amd,b_amd,0.254102,0.745898
../../../data/data_ADAM/test/b_amd/T0298.jpg,b_amd,b_amd,0.176728,0.823272
../../../data/data_ADAM/test/b_amd/T0301.jpg,b_amd,b_amd,0.118079,0.881921
../../../data/data_ADAM/test/b_amd/T0307.jpg,b_amd,a_noamd,0.843997,0.156003
../../../data/data_ADAM/test/b_amd/T0323.jpg,b_amd,b_amd,0.197232,0.802768
../../../data/data_ADAM/test/b_amd/T0325.jpg,b_amd,b_amd,0.159253,0.840747
../../../data/data_ADAM/test/b_amd/T0326.jpg,b_amd,b_amd,0.161471,0.838529
../../../data/data_ADAM/test/b_amd/T0329.jpg,b_amd,b_amd,0.174948,0.825052
../../../data/data_ADAM/test/b_amd/T0348.jpg,b_amd,b_amd,0.095035,0.904965
../../../data/data_ADAM/test/b_amd/T0351.jpg,b_amd,a_noamd,0.519413,0.480587
../../../data/data_ADAM/test/b_amd/T0361.jpg,b_amd,b_amd,0.157746,0.842254
../../../data/data_ADAM/test/b_amd/T0364.jpg,b_amd,a_noamd,0.728149,0.271851
../../../data/data_ADAM/test/b_amd/T0366.jpg,b_amd,b_amd,0.137067,0.862933
../../../data/data_ADAM/test/b_amd/T0368.jpg,b_amd,b_amd,0.379360,0.620640
../../../data/data_ADAM/test/b_amd/T0372.jpg,b_amd,b_amd,0.141205,0.858795
../../../data/data_ADAM/test/b_amd/T0377.jpg,b_amd,b_amd,0.371066,0.628934
../../../data/data_ADAM/test/b_amd/T0378.jpg,b_amd,b_amd,0.411577,0.588423
../../../data/data_ADAM/test/b_amd/T0381.jpg,b_amd,b_amd,0.067431,0.932569
../../../data/data_ADAM/test/b_amd/T0382.jpg,b_amd,a_noamd,0.882389,0.117611
../../../data/data_ADAM/test/b_amd/T0386.jpg,b_amd,b_amd,0.088300,0.911700
../../../data/data_ADAM/test/b_amd/T0390.jpg,b_amd,b_amd,0.291241,0.708759
../../../data/data_ADAM/test/b_amd/T0392.jpg,b_amd,b_amd,0.121329,0.878671
../../../data/data_ADAM/test/b_amd/T0393.jpg,b_amd,a_noamd,0.590888,0.409112
../../../data/data_ADAM/test/b_amd/T0394.jpg,b_amd,b_amd,0.101555,0.898445
../../../data/data_ADAM/test/b_amd/V0009.jpg,b_amd,b_amd,0.202192,0.797808
../../../data/data_ADAM/test/b_amd/V0013.jpg,b_amd,b_amd,0.102655,0.897345
../../../data/data_ADAM/test/b_amd/V0022.jpg,b_amd,b_amd,0.315956,0.684044
../../../data/data_ADAM/test/b_amd/V0030.jpg,b_amd,b_amd,0.126348,0.873652
../../../data/data_ADAM/test/b_amd/V0033.jpg,b_amd,b_amd,0.139052,0.860948
../../../data/data_ADAM/test/b_amd/V0034.jpg,b_amd,a_noamd,0.649687,0.350313
../../../data/data_ADAM/test/b_amd/V0043.jpg,b_amd,a_noamd,0.682732,0.317268
../../../data/data_ADAM/test/b_amd/V0048.jpg,b_amd,b_amd,0.202409,0.797591
../../../data/data_ADAM/test/b_amd/V0050.jpg,b_amd,b_amd,0.118239,0.881761
../../../data/data_ADAM/test/b_amd/V0051.jpg,b_amd,b_amd,0.090772,0.909228
../../../data/data_ADAM/test/b_amd/V0061.jpg,b_amd,b_amd,0.183136,0.816864
../../../data/data_ADAM/test/b_amd/V0063.jpg,b_amd,b_amd,0.128025,0.871975
../../../data/data_ADAM/test/b_amd/V0078.jpg,b_amd,b_amd,0.282998,0.717002
../../../data/data_ADAM/test/b_amd/V0080.jpg,b_amd,b_amd,0.405524,0.594476
../../../data/data_ADAM/test/b_amd/V0083.jpg,b_amd,b_amd,0.233307,0.766693
../../../data/data_ADAM/test/b_amd/V0085.jpg,b_amd,b_amd,0.067531,0.932469
../../../data/data_ADAM/test/b_amd/V0087.jpg,b_amd,b_amd,0.073276,0.926724
../../../data/data_ADAM/test/b_amd/V0089.jpg,b_amd,a_noamd,0.576906,0.423094
../../../data/data_ADAM/test/b_amd/V0091.jpg,b_amd,b_amd,0.089901,0.910099
../../../data/data_ADAM/test/b_amd/V0093.jpg,b_amd,b_amd,0.080735,0.919265
../../../data/data_ADAM/test/b_amd/V0099.jpg,b_amd,b_amd,0.200981,0.799019
../../../data/data_ADAM/test/b_amd/V0103.jpg,b_amd,b_amd,0.094224,0.905776
../../../data/data_ADAM/test/b_amd/V0105.jpg,b_amd,b_amd,0.170088,0.829912
../../../data/data_ADAM/test/b_amd/V0106.jpg,b_amd,b_amd,0.136763,0.863237
../../../data/data_ADAM/test/b_amd/V0108.jpg,b_amd,b_amd,0.316688,0.683312
../../../data/data_ADAM/test/b_amd/V0111.jpg,b_amd,b_amd,0.122684,0.877316
../../../data/data_ADAM/test/b_amd/V0115.jpg,b_amd,b_amd,0.208468,0.791532
../../../data/data_ADAM/test/b_amd/V0117.jpg,b_amd,b_amd,0.234680,0.765320
../../../data/data_ADAM/test/b_amd/V0119.jpg,b_amd,b_amd,0.205711,0.794289
../../../data/data_ADAM/test/b_amd/V0125.jpg,b_amd,b_amd,0.175323,0.824677
../../../data/data_ADAM/test/b_amd/V0129.jpg,b_amd,b_amd,0.133264,0.866736
../../../data/data_ADAM/test/b_amd/V0133.jpg,b_amd,a_noamd,0.533560,0.466440
../../../data/data_ADAM/test/b_amd/V0135.jpg,b_amd,b_amd,0.127355,0.872645
../../../data/data_ADAM/test/b_amd/V0141.jpg,b_amd,b_amd,0.091820,0.908180
../../../data/data_ADAM/test/b_amd/V0146.jpg,b_amd,a_noamd,0.701656,0.298344
../../../data/data_ADAM/test/b_amd/V0147.jpg,b_amd,b_amd,0.129984,0.870016
../../../data/data_ADAM/test/b_amd/V0151.jpg,b_amd,b_amd,0.289247,0.710753
../../../data/data_ADAM/test/b_amd/V0152.jpg,b_amd,b_amd,0.125264,0.874736
../../../data/data_ADAM/test/b_amd/V0158.jpg,b_amd,b_amd,0.188948,0.811052
../../../data/data_ADAM/test/b_amd/V0159.jpg,b_amd,b_amd,0.181286,0.818714
../../../data/data_ADAM/test/b_amd/V0161.jpg,b_amd,b_amd,0.316830,0.683170
../../../data/data_ADAM/test/b_amd/V0170.jpg,b_amd,b_amd,0.104198,0.895802
../../../data/data_ADAM/test/b_amd/V0172.jpg,b_amd,b_amd,0.155641,0.844359
../../../data/data_ADAM/test/b_amd/V0173.jpg,b_amd,b_amd,0.113967,0.886033
../../../data/data_ADAM/test/b_amd/V0180.jpg,b_amd,b_amd,0.092430,0.907570
../../../data/data_ADAM/test/b_amd/V0182.jpg,b_amd,b_amd,0.094568,0.905432
../../../data/data_ADAM/test/b_amd/V0187.jpg,b_amd,b_amd,0.170996,0.829004
../../../data/data_ADAM/test/b_amd/V0188.jpg,b_amd,b_amd,0.174208,0.825792
../../../data/data_ADAM/test/b_amd/V0190.jpg,b_amd,b_amd,0.143468,0.856532
../../../data/data_ADAM/test/b_amd/V0196.jpg,b_amd,b_amd,0.085600,0.914400
../../../data/data_ADAM/test/b_amd/V0218.jpg,b_amd,b_amd,0.383449,0.616551
../../../data/data_ADAM/test/b_amd/V0227.jpg,b_amd,b_amd,0.097739,0.902261
../../../data/data_ADAM/test/b_amd/V0233.jpg,b_amd,a_noamd,0.724882,0.275118
../../../data/data_ADAM/test/b_amd/V0237.jpg,b_amd,b_amd,0.322040,0.677960
../../../data/data_ADAM/test/b_amd/V0245.jpg,b_amd,b_amd,0.122851,0.877149
../../../data/data_ADAM/test/b_amd/V0248.jpg,b_amd,b_amd,0.082157,0.917843
../../../data/data_ADAM/test/b_amd/V0251.jpg,b_amd,b_amd,0.092335,0.907665
../../../data/data_ADAM/test/b_amd/V0258.jpg,b_amd,a_noamd,0.652948,0.347052
../../../data/data_ADAM/test/b_amd/V0264.jpg,b_amd,b_amd,0.161001,0.838999
../../../data/data_ADAM/test/b_amd/V0267.jpg,b_amd,b_amd,0.450089,0.549911
../../../data/data_ADAM/test/b_amd/V0269.jpg,b_amd,b_amd,0.244544,0.755457
../../../data/data_ADAM/test/b_amd/V0281.jpg,b_amd,b_amd,0.329279,0.670721
../../../data/data_ADAM/test/b_amd/V0282.jpg,b_amd,b_amd,0.445392,0.554608
../../../data/data_ADAM/test/b_amd/V0284.jpg,b_amd,b_amd,0.117143,0.882857
../../../data/data_ADAM/test/b_amd/V0297.jpg,b_amd,b_amd,0.318069,0.681931
../../../data/data_ADAM/test/b_amd/V0319.jpg,b_amd,b_amd,0.442441,0.557559
../../../data/data_ADAM/test/b_amd/V0323.jpg,b_amd,b_amd,0.099885,0.900115
../../../data/data_ADAM/test/b_amd/V0326.jpg,b_amd,b_amd,0.148156,0.851844
../../../data/data_ADAM/test/b_amd/V0327.jpg,b_amd,a_noamd,0.810004,0.189996
../../../data/data_ADAM/test/b_amd/V0330.jpg,b_amd,b_amd,0.139956,0.860044
../../../data/data_ADAM/test/b_amd/V0331.jpg,b_amd,b_amd,0.158437,0.841563
../../../data/data_ADAM/test/b_amd/V0334.jpg,b_amd,b_amd,0.355321,0.644679
../../../data/data_ADAM/test/b_amd/V0337.jpg,b_amd,b_amd,0.093821,0.906179
../../../data/data_ADAM/test/b_amd/V0344.jpg,b_amd,a_noamd,0.717114,0.282886
../../../data/data_ADAM/test/b_amd/V0352.jpg,b_amd,b_amd,0.100480,0.899520
../../../data/data_ADAM/test/b_amd/V0354.jpg,b_amd,b_amd,0.112739,0.887261
../../../data/data_ADAM/test/b_amd/V0357.jpg,b_amd,b_amd,0.344263,0.655737
../../../data/data_ADAM/test/b_amd/V0360.jpg,b_amd,b_amd,0.089251,0.910749
../../../data/data_ADAM/test/b_amd/V0363.jpg,b_amd,a_noamd,0.542305,0.457695
../../../data/data_ADAM/test/b_amd/V0368.jpg,b_amd,b_amd,0.092741,0.907259
../../../data/data_ADAM/test/b_amd/V0369.jpg,b_amd,b_amd,0.146751,0.853249
../../../data/data_ADAM/test/b_amd/V0375.jpg,b_amd,a_noamd,0.946197,0.053803
../../../data/data_ADAM/test/b_amd/V0379.jpg,b_amd,b_amd,0.122653,0.877347
../../../data/data_ADAM/test/b_amd/V0380.jpg,b_amd,b_amd,0.097432,0.902568
../../../data/data_ADAM/test/b_amd/V0388.jpg,b_amd,b_amd,0.120667,0.879333
../../../data/data_ADAM/test/b_amd/V0390.jpg,b_amd,b_amd,0.102594,0.897406
../../../data/data_ADAM/test/b_amd/V0392.jpg,b_amd,b_amd,0.066042,0.933958
../../../data/data_ADAM/test/b_amd/V0397.jpg,b_amd,b_amd,0.231067,0.768933
../../../data/data_ADAM/test/b_amd/V0399.jpg,b_amd,b_amd,0.276904,0.723096
